invoice_id,invoice_amount,matched_transaction_ids,matched_amount,difference,status,confidence,ai_decision,ai_confidence,ai_reason,ai_action,ai_time_seconds,final_status
INV-00001,84810.0,TXN-00001,84810.0,0.0,MATCHED,98.75,,0.0,,NOT_REQUIRED,0.0,MATCHED
INV-00002,19289.0,TXN-00002,19289.0,0.0,MATCHED,99.0,,0.0,,NOT_REQUIRED,0.0,MATCHED
INV-00003,72482.0,TXN-00003,72382.0,-100.0,AMOUNT_MISMATCH,84.94,,0.0,,NOT_REQUIRED,0.0,AMOUNT_MISMATCH
INV-00004,31495.0,TXN-00004,28995.0,-2500.0,AMOUNT_MISMATCH,87.04,,0.0,,NOT_REQUIRED,0.0,AMOUNT_MISMATCH
INV-00005,92924.0,TXN-00005,92924.0,0.0,MATCHED,96.5,,0.0,,NOT_REQUIRED,0.0,MATCHED
INV-00006,1851.0,TXN-00006,1851.0,0.0,TIMING_DIFFERENCE,92.5,,0.0,,NOT_REQUIRED,0.0,TIMING_DIFFERENCE
INV-00007,29221.0,TXN-00007,29221.0,0.0,MATCHED,99.0,,0.0,,NOT_REQUIRED,0.0,MATCHED
INV-00008,48052.0,TXN-00008,48052.0,0.0,MATCHED,99.0,,0.0,,NOT_REQUIRED,0.0,MATCHED
INV-00009,96647.0,TXN-00009,96647.0,0.0,MATCHED,99.0,,0.0,,NOT_REQUIRED,0.0,MATCHED
INV-00010,11328.0,TXN-00010,11328.0,0.0,MATCHED,99.0,,0.0,,NOT_REQUIRED,0.0,MATCHED
INV-00011,82070.0,TXN-00011,82070.0,0.0,TIMING_DIFFERENCE,95.0,,0.0,,NOT_REQUIRED,0.0,TIMING_DIFFERENCE
INV-00012,93349.0,TXN-00012,93349.0,0.0,MATCHED,99.0,,0.0,,NOT_REQUIRED,0.0,MATCHED
INV-00013,38930.0,TXN-00013,38930.0,0.0,TIMING_DIFFERENCE,95.0,,0.0,,NOT_REQUIRED,0.0,TIMING_DIFFERENCE
INV-00014,37434.0,TXN-00014,36934.0,-500.0,AMOUNT_MISMATCH,88.22,,0.0,,NOT_REQUIRED,0.0,AMOUNT_MISMATCH
INV-00015,28460.0,TXN-00015,28460.0,0.0,MATCHED,99.0,,0.0,,NOT_REQUIRED,0.0,MATCHED
INV-00016,10358.0,TXN-00016,7858.0,-2500.0,AMOUNT_MISMATCH,90.35,,0.0,,NOT_REQUIRED,0.0,AMOUNT_MISMATCH
INV-00017,33087.0,TXN-00017,33087.0,0.0,MATCHED,99.0,,0.0,,NOT_REQUIRED,0.0,MATCHED
INV-00018,84886.0,TXN-00018,84386.0,-500.0,AMOUNT_MISMATCH,99.0,,0.0,,NOT_REQUIRED,0.0,AMOUNT_MISMATCH
INV-00019,31021.0,TXN-00019,31021.0,0.0,MATCHED,97.73,,0.0,,NOT_REQUIRED,0.0,MATCHED
INV-00020,9675.0,"TXN-00020-A,TXN-00020-B",9675.0,0.0,SPLIT_PAYMENT,95.0,,0.0,,NOT_REQUIRED,0.0,SPLIT_PAYMENT
INV-00021,42245.0,TXN-00407-B,38126.8,-4118.199999999997,AMOUNT_MISMATCH,69.17,,0.0,,NOT_REQUIRED,0.0,AMOUNT_MISMATCH
INV-00022,52856.0,"TXN-00022-A,TXN-00022-B",52856.0,0.0,SPLIT_PAYMENT,95.0,,0.0,,NOT_REQUIRED,0.0,SPLIT_PAYMENT
INV-00023,19301.0,"TXN-00023,TXN-DUP-00023",38602.0,19301.0,DUPLICATE,99.0,,0.0,,NOT_REQUIRED,0.0,DUPLICATE
INV-00024,35438.0,TXN-00024,32938.0,-2500.0,AMOUNT_MISMATCH,97.18,,0.0,,NOT_REQUIRED,0.0,AMOUNT_MISMATCH
INV-00025,48447.0,"TXN-00025-A,TXN-00025-B",48447.0,0.0,SPLIT_PAYMENT,95.0,,0.0,,NOT_REQUIRED,0.0,SPLIT_PAYMENT
INV-00026,12915.0,TXN-00026,12915.0,0.0,MATCHED,99.0,,0.0,,NOT_REQUIRED,0.0,MATCHED
INV-00027,21033.0,TXN-00027,21033.0,0.0,MATCHED,99.0,,0.0,,NOT_REQUIRED,0.0,MATCHED
INV-00028,9326.0,TXN-00028,9326.0,0.0,MATCHED,99.0,,0.0,,NOT_REQUIRED,0.0,MATCHED
INV-00029,33953.0,TXN-00029,33953.0,0.0,TIMING_DIFFERENCE,95.0,,0.0,,NOT_REQUIRED,0.0,TIMING_DIFFERENCE
INV-00030,90353.0,TXN-00030,90353.0,0.0,MATCHED,95.0,,0.0,,NOT_REQUIRED,0.0,MATCHED
INV-00031,45587.0,TXN-00031,45587.0,0.0,MATCHED,99.0,,0.0,,NOT_REQUIRED,0.0,MATCHED
INV-00032,60470.0,"TXN-00032-A,TXN-00032-B",60470.0,0.0,SPLIT_PAYMENT,95.0,,0.0,,NOT_REQUIRED,0.0,SPLIT_PAYMENT
INV-00033,35522.0,"TXN-DUP-00033,TXN-00033",71044.0,35522.0,DUPLICATE,99.0,,0.0,,NOT_REQUIRED,0.0,DUPLICATE
INV-00034,82959.0,TXN-00034,82959.0,0.0,TIMING_DIFFERENCE,95.0,,0.0,,NOT_REQUIRED,0.0,TIMING_DIFFERENCE
INV-00035,27071.0,TXN-00035,27071.0,0.0,MATCHED,96.94,,0.0,,NOT_REQUIRED,0.0,MATCHED
INV-00036,1074.0,TXN-00036,1074.0,0.0,MATCHED,99.0,,0.0,,NOT_REQUIRED,0.0,MATCHED
INV-00037,15662.0,TXN-00037,15662.0,0.0,MATCHED,99.0,,0.0,,NOT_REQUIRED,0.0,MATCHED
INV-00038,32385.0,TXN-00038,32385.0,0.0,MATCHED,99.0,,0.0,,NOT_REQUIRED,0.0,MATCHED
INV-00039,12226.0,TXN-00039,12226.0,0.0,MATCHED,99.0,,0.0,,NOT_REQUIRED,0.0,MATCHED
INV-00040,70822.0,TXN-00040,70822.0,0.0,MATCHED,99.0,,0.0,,NOT_REQUIRED,0.0,MATCHED
INV-00041,22643.0,TXN-00041,22643.0,0.0,MATCHED,99.0,,0.0,,NOT_REQUIRED,0.0,MATCHED
INV-00042,56461.0,"TXN-00042-A,TXN-00042-B",56461.0,0.0,SPLIT_PAYMENT,95.0,,0.0,,NOT_REQUIRED,0.0,SPLIT_PAYMENT
INV-00043,91422.0,TXN-00142,93591.0,2169.0,AMOUNT_MISMATCH,77.1,,0.0,,NOT_REQUIRED,0.0,AMOUNT_MISMATCH
INV-00044,53296.0,TXN-00044,52296.0,-1000.0,AMOUNT_MISMATCH,99.0,,0.0,,NOT_REQUIRED,0.0,AMOUNT_MISMATCH
INV-00045,60177.0,TXN-00045,60177.0,0.0,MATCHED,96.62,,0.0,,NOT_REQUIRED,0.0,MATCHED
INV-00046,78110.0,TXN-00046,78110.0,0.0,MATCHED,99.0,,0.0,,NOT_REQUIRED,0.0,MATCHED
INV-00047,1942.0,TXN-00422-B,2408.0,466.0,REVIEW_REQUIRED,47.65,HUMAN_REVIEW,0.0,Ollama request timed out.,HUMAN_REVIEW,32.12,REVIEW_REQUIRED
INV-00048,8716.0,TXN-00048,8716.0,0.0,MATCHED,95.0,,0.0,,NOT_REQUIRED,0.0,MATCHED
INV-00049,10287.0,TXN-00049,10287.0,0.0,MATCHED,99.0,,0.0,,NOT_REQUIRED,0.0,MATCHED
INV-00050,64624.0,TXN-00050,64624.0,0.0,MATCHED,99.0,,0.0,,NOT_REQUIRED,0.0,MATCHED
INV-00051,76525.0,TXN-00051,76525.0,0.0,MATCHED,95.0,,0.0,,NOT_REQUIRED,0.0,MATCHED
INV-00052,25957.0,TXN-00052,25957.0,0.0,MATCHED,99.0,,0.0,,NOT_REQUIRED,0.0,MATCHED
INV-00053,47438.0,TXN-00053,47438.0,0.0,MATCHED,99.0,,0.0,,NOT_REQUIRED,0.0,MATCHED
INV-00054,89259.0,TXN-00494,83203.0,-6056.0,AMOUNT_MISMATCH,73.75,,0.0,,NOT_REQUIRED,0.0,AMOUNT_MISMATCH
INV-00055,96448.0,TXN-00055,96448.0,0.0,TIMING_DIFFERENCE,95.0,,0.0,,NOT_REQUIRED,0.0,TIMING_DIFFERENCE
INV-00056,26112.0,TXN-00056,26112.0,0.0,MATCHED,99.0,,0.0,,NOT_REQUIRED,0.0,MATCHED
INV-00057,56296.0,TXN-00057,56296.0,0.0,MATCHED,96.4,,0.0,,NOT_REQUIRED,0.0,MATCHED
INV-00058,59082.0,TXN-00058,59082.0,0.0,TIMING_DIFFERENCE,93.23,,0.0,,NOT_REQUIRED,0.0,TIMING_DIFFERENCE
INV-00059,71855.0,TXN-00059,71855.0,0.0,MATCHED,99.0,,0.0,,NOT_REQUIRED,0.0,MATCHED
INV-00060,99771.0,TXN-00060,99771.0,0.0,MATCHED,99.0,,0.0,,NOT_REQUIRED,0.0,MATCHED
INV-00061,64653.0,TXN-00061,64653.0,0.0,MATCHED,96.76,,0.0,,NOT_REQUIRED,0.0,MATCHED
INV-00062,22579.0,TXN-00062,22579.0,0.0,MATCHED,99.0,,0.0,,NOT_REQUIRED,0.0,MATCHED
INV-00063,35760.0,"TXN-00063,TXN-DUP-00063",71520.0,35760.0,DUPLICATE,99.0,,0.0,,NOT_REQUIRED,0.0,DUPLICATE
INV-00064,92303.0,"TXN-00064-A,TXN-00064-B",92303.0,0.0,SPLIT_PAYMENT,95.0,,0.0,,NOT_REQUIRED,0.0,SPLIT_PAYMENT
INV-00065,64788.0,TXN-00065,64788.0,0.0,MATCHED,99.0,,0.0,,NOT_REQUIRED,0.0,MATCHED
INV-00066,8665.0,"TXN-00066,TXN-DUP-00066",17330.0,8665.0,DUPLICATE,99.0,,0.0,,NOT_REQUIRED,0.0,DUPLICATE
INV-00067,99038.0,TXN-00067,99038.0,0.0,MATCHED,99.0,,0.0,,NOT_REQUIRED,0.0,MATCHED
INV-00068,63493.0,"TXN-00068-A,TXN-00068-B",63493.0,0.0,SPLIT_PAYMENT,95.0,,0.0,,NOT_REQUIRED,0.0,SPLIT_PAYMENT
INV-00069,67562.0,TXN-00069,67562.0,0.0,TIMING_DIFFERENCE,95.0,,0.0,,NOT_REQUIRED,0.0,TIMING_DIFFERENCE
INV-00070,9907.0,TXN-00070,9907.0,0.0,TIMING_DIFFERENCE,95.0,,0.0,,NOT_REQUIRED,0.0,TIMING_DIFFERENCE
INV-00071,75668.0,TXN-00071,75568.0,-100.0,AMOUNT_MISMATCH,99.0,,0.0,,NOT_REQUIRED,0.0,AMOUNT_MISMATCH
INV-00072,11745.0,TXN-00202,12164.0,419.0,REVIEW_REQUIRED,64.14,AMOUNT_MISMATCH,0.85,"Invoice amount is significantly different from the matched transaction, despite matching on strong customer and date.",AUTO_RESOLVE,30.24,AMOUNT_MISMATCH
INV-00073,75085.0,TXN-00073,75085.0,0.0,MATCHED,99.0,,0.0,,NOT_REQUIRED,0.0,MATCHED
INV-00074,27772.0,TXN-00007,29221.0,1449.0,AMOUNT_MISMATCH,68.74,,0.0,,NOT_REQUIRED,0.0,AMOUNT_MISMATCH
INV-00075,32285.0,TXN-00075,32285.0,0.0,MATCHED,99.0,,0.0,,NOT_REQUIRED,0.0,MATCHED
INV-00076,85607.0,TXN-00076,85607.0,0.0,MATCHED,99.0,,0.0,,NOT_REQUIRED,0.0,MATCHED
INV-00077,2220.0,TXN-00077,100.0,-2120.0,REVIEW_REQUIRED,61.8,AMOUNT_MISMATCH,0.85,"Invoice amount is significantly lower than the transaction, but there are no other payments mentioned.",AUTO_RESOLVE,24.86,AMOUNT_MISMATCH
INV-00078,71468.0,TXN-00078,71468.0,0.0,MATCHED,99.0,,0.0,,NOT_REQUIRED,0.0,MATCHED
INV-00079,46745.0,TXN-00079,46745.0,0.0,MATCHED,99.0,,0.0,,NOT_REQUIRED,0.0,MATCHED
INV-00080,49434.0,TXN-00080,49434.0,0.0,MATCHED,99.0,,0.0,,NOT_REQUIRED,0.0,MATCHED
INV-00081,40651.0,"TXN-00081-A,TXN-00081-B",40651.0,0.0,SPLIT_PAYMENT,95.0,,0.0,,NOT_REQUIRED,0.0,SPLIT_PAYMENT
INV-00082,2025.0,TXN-00082,2025.0,0.0,TIMING_DIFFERENCE,95.0,,0.0,,NOT_REQUIRED,0.0,TIMING_DIFFERENCE
INV-00083,14577.0,TXN-00083,14577.0,0.0,MATCHED,99.0,,0.0,,NOT_REQUIRED,0.0,MATCHED
INV-00084,15029.0,TXN-00084,14529.0,-500.0,AMOUNT_MISMATCH,83.67,,0.0,,NOT_REQUIRED,0.0,AMOUNT_MISMATCH
INV-00085,95058.0,TXN-00085,95058.0,0.0,MATCHED,99.0,,0.0,,NOT_REQUIRED,0.0,MATCHED
INV-00086,67244.0,TXN-00086,67244.0,0.0,MATCHED,99.0,,0.0,,NOT_REQUIRED,0.0,MATCHED
INV-00087,13097.0,TXN-00087,13097.0,0.0,MATCHED,97.5,,0.0,,NOT_REQUIRED,0.0,MATCHED
INV-00088,44719.0,TXN-00088,44719.0,0.0,MATCHED,99.0,,0.0,,NOT_REQUIRED,0.0,MATCHED
INV-00089,22178.0,TXN-00089,22178.0,0.0,MATCHED,99.0,,0.0,,NOT_REQUIRED,0.0,MATCHED
INV-00090,57057.0,TXN-00090,57057.0,0.0,MATCHED,99.0,,0.0,,NOT_REQUIRED,0.0,MATCHED
INV-00091,91573.0,TXN-00091,91573.0,0.0,MATCHED,96.76,,0.0,,NOT_REQUIRED,0.0,MATCHED
INV-00092,77350.0,TXN-00092,77350.0,0.0,MATCHED,97.5,,0.0,,NOT_REQUIRED,0.0,MATCHED
INV-00093,48795.0,"TXN-00093-A,TXN-00093-B",48795.0,0.0,SPLIT_PAYMENT,95.0,,0.0,,NOT_REQUIRED,0.0,SPLIT_PAYMENT
INV-00094,47898.0,TXN-00053,47438.0,-460.0,AMOUNT_MISMATCH,74.65,,0.0,,NOT_REQUIRED,0.0,AMOUNT_MISMATCH
INV-00095,88416.0,TXN-00095,88416.0,0.0,MATCHED,99.0,,0.0,,NOT_REQUIRED,0.0,MATCHED
INV-00096,54264.0,"TXN-00096,TXN-DUP-00096",108528.0,54264.0,DUPLICATE,99.0,,0.0,,NOT_REQUIRED,0.0,DUPLICATE
INV-00097,22299.0,TXN-00097,22299.0,0.0,TIMING_DIFFERENCE,95.0,,0.0,,NOT_REQUIRED,0.0,TIMING_DIFFERENCE
INV-00098,24509.0,"TXN-00098-A,TXN-00098-B",24509.0,0.0,SPLIT_PAYMENT,95.0,,0.0,,NOT_REQUIRED,0.0,SPLIT_PAYMENT
INV-00099,88806.0,"TXN-00099,TXN-DUP-00099",177612.0,88806.0,DUPLICATE,99.0,,0.0,,NOT_REQUIRED,0.0,DUPLICATE
INV-00100,35970.0,"TXN-00100,TXN-DUP-00100",71940.0,35970.0,DUPLICATE,99.0,,0.0,,NOT_REQUIRED,0.0,DUPLICATE
INV-00101,51140.0,TXN-00101,51140.0,0.0,MATCHED,99.0,,0.0,,NOT_REQUIRED,0.0,MATCHED
INV-00102,30154.0,TXN-00102,30154.0,0.0,TIMING_DIFFERENCE,94.25,,0.0,,NOT_REQUIRED,0.0,TIMING_DIFFERENCE
INV-00103,30219.0,TXN-00038,32385.0,2166.0,AMOUNT_MISMATCH,71.26,,0.0,,NOT_REQUIRED,0.0,AMOUNT_MISMATCH
INV-00104,53227.0,TXN-00104,53227.0,0.0,MATCHED,93.29,,0.0,,NOT_REQUIRED,0.0,MATCHED
INV-00105,47025.0,TXN-00105,47025.0,0.0,MATCHED,99.0,,0.0,,NOT_REQUIRED,0.0,MATCHED
INV-00106,71282.0,TXN-00432,69614.0,-1668.0,AMOUNT_MISMATCH,77.56,,0.0,,NOT_REQUIRED,0.0,AMOUNT_MISMATCH
INV-00107,24405.0,"TXN-00107-A,TXN-00107-B",24405.0,0.0,SPLIT_PAYMENT,95.0,,0.0,,NOT_REQUIRED,0.0,SPLIT_PAYMENT
INV-00108,79193.0,TXN-00108,79193.0,0.0,MATCHED,99.0,,0.0,,NOT_REQUIRED,0.0,MATCHED
INV-00109,58199.0,"TXN-00109-A,TXN-00109-B",58199.0,0.0,SPLIT_PAYMENT,95.0,,0.0,,NOT_REQUIRED,0.0,SPLIT_PAYMENT
INV-00110,25914.0,TXN-00110,25914.0,0.0,MATCHED,99.0,,0.0,,NOT_REQUIRED,0.0,MATCHED
INV-00111,1221.0,"TXN-00111-A,TXN-00111-B",1221.0,0.0,SPLIT_PAYMENT,95.0,,0.0,,NOT_REQUIRED,0.0,SPLIT_PAYMENT
INV-00112,91027.0,"TXN-00112-A,TXN-00112-B",91027.0,0.0,SPLIT_PAYMENT,95.0,,0.0,,NOT_REQUIRED,0.0,SPLIT_PAYMENT
INV-00113,48739.0,TXN-00113,48739.0,0.0,MATCHED,99.0,,0.0,,NOT_REQUIRED,0.0,MATCHED
INV-00114,82678.0,TXN-00071,75568.0,-7110.0,AMOUNT_MISMATCH,77.06,,0.0,,NOT_REQUIRED,0.0,AMOUNT_MISMATCH
INV-00115,17334.0,"TXN-00115-A,TXN-00115-B",17334.0,0.0,SPLIT_PAYMENT,95.0,,0.0,,NOT_REQUIRED,0.0,SPLIT_PAYMENT
INV-00116,41538.0,TXN-00116,41538.0,0.0,MATCHED,99.0,,0.0,,NOT_REQUIRED,0.0,MATCHED
INV-00117,92384.0,TXN-00117,92134.0,-250.0,AMOUNT_MISMATCH,99.0,,0.0,,NOT_REQUIRED,0.0,AMOUNT_MISMATCH
INV-00118,88153.0,TXN-00117,92134.0,3981.0,AMOUNT_MISMATCH,78.69,,0.0,,NOT_REQUIRED,0.0,AMOUNT_MISMATCH
INV-00119,23810.0,TXN-00119,22810.0,-1000.0,AMOUNT_MISMATCH,98.32,,0.0,,NOT_REQUIRED,0.0,AMOUNT_MISMATCH
INV-00120,1053.0,TXN-00120,1053.0,0.0,MATCHED,98.16,,0.0,,NOT_REQUIRED,0.0,MATCHED
INV-00121,80516.0,TXN-00121,80516.0,0.0,MATCHED,99.0,,0.0,,NOT_REQUIRED,0.0,MATCHED
INV-00122,58954.0,TXN-00122,58954.0,0.0,MATCHED,99.0,,0.0,,NOT_REQUIRED,0.0,MATCHED
INV-00123,97463.0,TXN-00281,96991.0,-472.0,AMOUNT_MISMATCH,70.73,,0.0,,NOT_REQUIRED,0.0,AMOUNT_MISMATCH
INV-00124,38196.0,TXN-00216,38828.0,632.0,AMOUNT_MISMATCH,72.86,,0.0,,NOT_REQUIRED,0.0,AMOUNT_MISMATCH
INV-00125,82167.0,TXN-00125,82167.0,0.0,MATCHED,99.0,,0.0,,NOT_REQUIRED,0.0,MATCHED
INV-00126,89184.0,TXN-00126,89184.0,0.0,MATCHED,99.0,,0.0,,NOT_REQUIRED,0.0,MATCHED
INV-00127,20313.0,TXN-00127,20313.0,0.0,MATCHED,99.0,,0.0,,NOT_REQUIRED,0.0,MATCHED
INV-00128,10545.0,TXN-00128,10545.0,0.0,MATCHED,99.0,,0.0,,NOT_REQUIRED,0.0,MATCHED
INV-00129,76454.0,TXN-00195,71010.0,-5444.0,AMOUNT_MISMATCH,68.03,,0.0,,NOT_REQUIRED,0.0,AMOUNT_MISMATCH
INV-00130,51328.0,TXN-00130,51328.0,0.0,MATCHED,99.0,,0.0,,NOT_REQUIRED,0.0,MATCHED
INV-00131,86990.0,TXN-00131,86990.0,0.0,MATCHED,99.0,,0.0,,NOT_REQUIRED,0.0,MATCHED
INV-00132,56724.0,TXN-00132,56724.0,0.0,MATCHED,99.0,,0.0,,NOT_REQUIRED,0.0,MATCHED
INV-00133,68889.0,TXN-00133,68889.0,0.0,MATCHED,98.75,,0.0,,NOT_REQUIRED,0.0,MATCHED
INV-00134,60829.0,TXN-00134,60829.0,0.0,TIMING_DIFFERENCE,95.0,,0.0,,NOT_REQUIRED,0.0,TIMING_DIFFERENCE
INV-00135,42588.0,TXN-00135,42588.0,0.0,TIMING_DIFFERENCE,95.0,,0.0,,NOT_REQUIRED,0.0,TIMING_DIFFERENCE
INV-00136,67162.0,TXN-00136,67162.0,0.0,TIMING_DIFFERENCE,93.0,,0.0,,NOT_REQUIRED,0.0,TIMING_DIFFERENCE
INV-00137,98472.0,TXN-00137,98472.0,0.0,MATCHED,95.79,,0.0,,NOT_REQUIRED,0.0,MATCHED
INV-00138,84579.0,"TXN-DUP-00138,TXN-00138",169158.0,84579.0,DUPLICATE,99.0,,0.0,,NOT_REQUIRED,0.0,DUPLICATE
INV-00139,32358.0,TXN-00139,32358.0,0.0,MATCHED,99.0,,0.0,,NOT_REQUIRED,0.0,MATCHED
INV-00140,36614.0,TXN-00140,36614.0,0.0,MATCHED,99.0,,0.0,,NOT_REQUIRED,0.0,MATCHED
INV-00141,20769.0,TXN-00141,20769.0,0.0,MATCHED,99.0,,0.0,,NOT_REQUIRED,0.0,MATCHED
INV-00142,93591.0,TXN-00142,93591.0,0.0,MATCHED,99.0,,0.0,,NOT_REQUIRED,0.0,MATCHED
INV-00143,44369.0,TXN-00143,44369.0,0.0,MATCHED,99.0,,0.0,,NOT_REQUIRED,0.0,MATCHED
INV-00144,28110.0,TXN-00144,28110.0,0.0,MATCHED,99.0,,0.0,,NOT_REQUIRED,0.0,MATCHED
INV-00145,92163.0,TXN-00145,92163.0,0.0,TIMING_DIFFERENCE,95.0,,0.0,,NOT_REQUIRED,0.0,TIMING_DIFFERENCE
INV-00146,63518.0,"TXN-00146-A,TXN-00146-B",63518.0,0.0,SPLIT_PAYMENT,95.0,,0.0,,NOT_REQUIRED,0.0,SPLIT_PAYMENT
INV-00147,99759.0,TXN-00147,99759.0,0.0,TIMING_DIFFERENCE,95.0,,0.0,,NOT_REQUIRED,0.0,TIMING_DIFFERENCE
INV-00148,98978.0,TXN-00148,98978.0,0.0,MATCHED,99.0,,0.0,,NOT_REQUIRED,0.0,MATCHED
INV-00149,64993.0,TXN-00149,64993.0,0.0,MATCHED,99.0,,0.0,,NOT_REQUIRED,0.0,MATCHED
INV-00150,4804.0,TXN-00150,4804.0,0.0,MATCHED,99.0,,0.0,,NOT_REQUIRED,0.0,MATCHED
INV-00151,95919.0,TXN-00151,95919.0,0.0,TIMING_DIFFERENCE,95.0,,0.0,,NOT_REQUIRED,0.0,TIMING_DIFFERENCE
INV-00152,71008.0,"TXN-00152-A,TXN-00152-B",71008.0,0.0,SPLIT_PAYMENT,95.0,,0.0,,NOT_REQUIRED,0.0,SPLIT_PAYMENT
INV-00153,4552.0,TXN-00153,4302.0,-250.0,AMOUNT_MISMATCH,97.8,,0.0,,NOT_REQUIRED,0.0,AMOUNT_MISMATCH
INV-00154,24819.0,TXN-00154,24819.0,0.0,MATCHED,99.0,,0.0,,NOT_REQUIRED,0.0,MATCHED
INV-00155,28742.0,TXN-00155,28742.0,0.0,MATCHED,99.0,,0.0,,NOT_REQUIRED,0.0,MATCHED
INV-00156,37471.0,"TXN-00156-A,TXN-00156-B",37471.0,0.0,SPLIT_PAYMENT,95.0,,0.0,,NOT_REQUIRED,0.0,SPLIT_PAYMENT
INV-00157,34065.0,TXN-00157,34065.0,0.0,MATCHED,97.93,,0.0,,NOT_REQUIRED,0.0,MATCHED
INV-00158,7826.0,TXN-00158,7826.0,0.0,MATCHED,99.0,,0.0,,NOT_REQUIRED,0.0,MATCHED
INV-00159,6276.0,TXN-00159,6276.0,0.0,MATCHED,99.0,,0.0,,NOT_REQUIRED,0.0,MATCHED
INV-00160,27130.0,TXN-00160,27130.0,0.0,MATCHED,99.0,,0.0,,NOT_REQUIRED,0.0,MATCHED
INV-00161,32266.0,TXN-00161,32266.0,0.0,MATCHED,99.0,,0.0,,NOT_REQUIRED,0.0,MATCHED
INV-00162,74920.0,TXN-00162,74920.0,0.0,MATCHED,99.0,,0.0,,NOT_REQUIRED,0.0,MATCHED
INV-00163,49351.0,TXN-00163,49251.0,-100.0,AMOUNT_MISMATCH,99.0,,0.0,,NOT_REQUIRED,0.0,AMOUNT_MISMATCH
INV-00164,41768.0,TXN-00164,41268.0,-500.0,AMOUNT_MISMATCH,99.0,,0.0,,NOT_REQUIRED,0.0,AMOUNT_MISMATCH
INV-00165,89781.0,"TXN-00165-A,TXN-00165-B",89781.0,0.0,SPLIT_PAYMENT,95.0,,0.0,,NOT_REQUIRED,0.0,SPLIT_PAYMENT
INV-00166,94718.0,TXN-00166,94718.0,0.0,MATCHED,99.0,,0.0,,NOT_REQUIRED,0.0,MATCHED
INV-00167,83213.0,TXN-00167,83213.0,0.0,MATCHED,99.0,,0.0,,NOT_REQUIRED,0.0,MATCHED
INV-00168,79697.0,TXN-00168,79697.0,0.0,MATCHED,99.0,,0.0,,NOT_REQUIRED,0.0,MATCHED
INV-00169,6383.0,TXN-00169,6383.0,0.0,MATCHED,99.0,,0.0,,NOT_REQUIRED,0.0,MATCHED
INV-00170,67317.0,TXN-00170,67317.0,0.0,MATCHED,99.0,,0.0,,NOT_REQUIRED,0.0,MATCHED
INV-00171,65251.0,TXN-00171,65251.0,0.0,MATCHED,99.0,,0.0,,NOT_REQUIRED,0.0,MATCHED
INV-00172,84307.0,TXN-00172,84307.0,0.0,TIMING_DIFFERENCE,91.18,,0.0,,NOT_REQUIRED,0.0,TIMING_DIFFERENCE
INV-00173,69386.0,TXN-00173,69386.0,0.0,MATCHED,99.0,,0.0,,NOT_REQUIRED,0.0,MATCHED
INV-00174,64372.0,TXN-00174,64372.0,0.0,MATCHED,99.0,,0.0,,NOT_REQUIRED,0.0,MATCHED
INV-00175,78656.0,TXN-00175,78656.0,0.0,MATCHED,99.0,,0.0,,NOT_REQUIRED,0.0,MATCHED
INV-00176,12359.0,TXN-00176,12359.0,0.0,TIMING_DIFFERENCE,95.0,,0.0,,NOT_REQUIRED,0.0,TIMING_DIFFERENCE
INV-00177,75691.0,TXN-00349,75395.0,-296.0,AMOUNT_MISMATCH,66.2,,0.0,,NOT_REQUIRED,0.0,AMOUNT_MISMATCH
INV-00178,45092.0,TXN-00178,45092.0,0.0,MATCHED,99.0,,0.0,,NOT_REQUIRED,0.0,MATCHED
INV-00179,24834.0,TXN-00179,24834.0,0.0,MATCHED,99.0,,0.0,,NOT_REQUIRED,0.0,MATCHED
INV-00180,37655.0,TXN-00180,37155.0,-500.0,AMOUNT_MISMATCH,99.0,,0.0,,NOT_REQUIRED,0.0,AMOUNT_MISMATCH
INV-00181,26042.0,TXN-00181,26042.0,0.0,MATCHED,99.0,,0.0,,NOT_REQUIRED,0.0,MATCHED
INV-00182,65038.0,"TXN-DUP-00182,TXN-00182",130076.0,65038.0,DUPLICATE,99.0,,0.0,,NOT_REQUIRED,0.0,DUPLICATE
INV-00183,94302.0,TXN-00183,94302.0,0.0,MATCHED,99.0,,0.0,,NOT_REQUIRED,0.0,MATCHED
INV-00184,13196.0,TXN-00184,13196.0,0.0,MATCHED,99.0,,0.0,,NOT_REQUIRED,0.0,MATCHED
INV-00185,88026.0,TXN-00185,88026.0,0.0,MATCHED,99.0,,0.0,,NOT_REQUIRED,0.0,MATCHED
INV-00186,70588.0,TXN-00186,70588.0,0.0,MATCHED,99.0,,0.0,,NOT_REQUIRED,0.0,MATCHED
INV-00187,73140.0,TXN-00187,73140.0,0.0,MATCHED,99.0,,0.0,,NOT_REQUIRED,0.0,MATCHED
INV-00188,36509.0,TXN-00188,36509.0,0.0,MATCHED,99.0,,0.0,,NOT_REQUIRED,0.0,MATCHED
INV-00189,95540.0,TXN-00189,95540.0,0.0,MATCHED,99.0,,0.0,,NOT_REQUIRED,0.0,MATCHED
INV-00190,71236.0,TXN-00040,70822.0,-414.0,AMOUNT_MISMATCH,76.67,,0.0,,NOT_REQUIRED,0.0,AMOUNT_MISMATCH
INV-00191,26105.0,"TXN-DUP-00191,TXN-00191",52210.0,26105.0,DUPLICATE,99.0,,0.0,,NOT_REQUIRED,0.0,DUPLICATE
INV-00192,95972.0,"TXN-00192-A,TXN-00192-B",95972.0,0.0,SPLIT_PAYMENT,95.0,,0.0,,NOT_REQUIRED,0.0,SPLIT_PAYMENT
INV-00193,14176.0,TXN-00193,14176.0,0.0,MATCHED,99.0,,0.0,,NOT_REQUIRED,0.0,MATCHED
INV-00194,48301.0,TXN-00194,48301.0,0.0,MATCHED,99.0,,0.0,,NOT_REQUIRED,0.0,MATCHED
INV-00195,71010.0,TXN-00195,71010.0,0.0,MATCHED,99.0,,0.0,,NOT_REQUIRED,0.0,MATCHED
INV-00196,39290.0,"TXN-00196-A,TXN-00196-B",39290.0,0.0,SPLIT_PAYMENT,95.0,,0.0,,NOT_REQUIRED,0.0,SPLIT_PAYMENT
INV-00197,14446.0,TXN-00197,14446.0,0.0,MATCHED,99.0,,0.0,,NOT_REQUIRED,0.0,MATCHED
INV-00198,62524.0,TXN-00198,62524.0,0.0,MATCHED,98.75,,0.0,,NOT_REQUIRED,0.0,MATCHED
INV-00199,34092.0,TXN-00199,34092.0,0.0,MATCHED,99.0,,0.0,,NOT_REQUIRED,0.0,MATCHED
INV-00200,53521.0,TXN-00200,53521.0,0.0,MATCHED,99.0,,0.0,,NOT_REQUIRED,0.0,MATCHED
INV-00201,90974.0,TXN-00201,90974.0,0.0,MATCHED,99.0,,0.0,,NOT_REQUIRED,0.0,MATCHED
INV-00202,12164.0,TXN-00202,12164.0,0.0,MATCHED,99.0,,0.0,,NOT_REQUIRED,0.0,MATCHED
INV-00203,80471.0,"TXN-00203,TXN-DUP-00203",160942.0,80471.0,DUPLICATE,99.0,,0.0,,NOT_REQUIRED,0.0,DUPLICATE
INV-00204,69494.0,TXN-00204,69494.0,0.0,MATCHED,96.76,,0.0,,NOT_REQUIRED,0.0,MATCHED
INV-00205,57207.0,TXN-00205,57107.0,-100.0,AMOUNT_MISMATCH,99.0,,0.0,,NOT_REQUIRED,0.0,AMOUNT_MISMATCH
INV-00206,98004.0,"TXN-00206-A,TXN-00206-B",98004.0,0.0,SPLIT_PAYMENT,95.0,,0.0,,NOT_REQUIRED,0.0,SPLIT_PAYMENT
INV-00207,82987.0,TXN-00207,82987.0,0.0,MATCHED,99.0,,0.0,,NOT_REQUIRED,0.0,MATCHED
INV-00208,23782.0,TXN-00208,23782.0,0.0,MATCHED,99.0,,0.0,,NOT_REQUIRED,0.0,MATCHED
INV-00209,91357.0,TXN-00209,91357.0,0.0,MATCHED,99.0,,0.0,,NOT_REQUIRED,0.0,MATCHED
INV-00210,31340.0,TXN-00139,32358.0,1018.0,AMOUNT_MISMATCH,71.49,,0.0,,NOT_REQUIRED,0.0,AMOUNT_MISMATCH
INV-00211,93141.0,TXN-00211,93141.0,0.0,MATCHED,99.0,,0.0,,NOT_REQUIRED,0.0,MATCHED
INV-00212,82927.0,TXN-00489,78569.0,-4358.0,AMOUNT_MISMATCH,80.29,,0.0,,NOT_REQUIRED,0.0,AMOUNT_MISMATCH
INV-00213,26928.0,TXN-00213,26928.0,0.0,MATCHED,99.0,,0.0,,NOT_REQUIRED,0.0,MATCHED
INV-00214,85886.0,"TXN-00214-A,TXN-00214-B",85886.0,0.0,SPLIT_PAYMENT,95.0,,0.0,,NOT_REQUIRED,0.0,SPLIT_PAYMENT
INV-00215,8816.0,"TXN-DUP-00215,TXN-00215",17632.0,8816.0,DUPLICATE,99.0,,0.0,,NOT_REQUIRED,0.0,DUPLICATE
INV-00216,38828.0,TXN-00216,38828.0,0.0,MATCHED,99.0,,0.0,,NOT_REQUIRED,0.0,MATCHED
INV-00217,53757.0,TXN-00217,53757.0,0.0,MATCHED,99.0,,0.0,,NOT_REQUIRED,0.0,MATCHED
INV-00218,58377.0,TXN-00218,57377.0,-1000.0,AMOUNT_MISMATCH,99.0,,0.0,,NOT_REQUIRED,0.0,AMOUNT_MISMATCH
INV-00219,33816.0,TXN-00219,33816.0,0.0,MATCHED,99.0,,0.0,,NOT_REQUIRED,0.0,MATCHED
INV-00220,76392.0,"TXN-00220-A,TXN-00220-B",76392.0,0.0,SPLIT_PAYMENT,95.0,,0.0,,NOT_REQUIRED,0.0,SPLIT_PAYMENT
INV-00221,36325.0,TXN-00221,36325.0,0.0,MATCHED,99.0,,0.0,,NOT_REQUIRED,0.0,MATCHED
INV-00222,62669.0,TXN-00244,59529.0,-3140.0,AMOUNT_MISMATCH,75.5,,0.0,,NOT_REQUIRED,0.0,AMOUNT_MISMATCH
INV-00223,37458.0,"TXN-00223-A,TXN-00223-B",37458.0,0.0,SPLIT_PAYMENT,95.0,,0.0,,NOT_REQUIRED,0.0,SPLIT_PAYMENT
INV-00224,84202.0,TXN-00224,84202.0,0.0,MATCHED,99.0,,0.0,,NOT_REQUIRED,0.0,MATCHED
INV-00225,62605.0,TXN-00225,62605.0,0.0,MATCHED,99.0,,0.0,,NOT_REQUIRED,0.0,MATCHED
INV-00226,88835.0,TXN-00226,88835.0,0.0,TIMING_DIFFERENCE,95.0,,0.0,,NOT_REQUIRED,0.0,TIMING_DIFFERENCE
INV-00227,91921.0,TXN-00227,91921.0,0.0,MATCHED,99.0,,0.0,,NOT_REQUIRED,0.0,MATCHED
INV-00228,73102.0,TXN-00228,73102.0,0.0,MATCHED,96.76,,0.0,,NOT_REQUIRED,0.0,MATCHED
INV-00229,16194.0,TXN-00229,16194.0,0.0,MATCHED,99.0,,0.0,,NOT_REQUIRED,0.0,MATCHED
INV-00230,1150.0,TXN-00230,1150.0,0.0,TIMING_DIFFERENCE,95.0,,0.0,,NOT_REQUIRED,0.0,TIMING_DIFFERENCE
INV-00231,8104.0,TXN-00231,8104.0,0.0,MATCHED,99.0,,0.0,,NOT_REQUIRED,0.0,MATCHED
INV-00232,82973.0,"TXN-00232,TXN-DUP-00232",165946.0,82973.0,DUPLICATE,99.0,,0.0,,NOT_REQUIRED,0.0,DUPLICATE
INV-00233,18172.0,TXN-00233,18172.0,0.0,MATCHED,99.0,,0.0,,NOT_REQUIRED,0.0,MATCHED
INV-00234,16915.0,"TXN-00234-A,TXN-00234-B",16915.0,0.0,SPLIT_PAYMENT,95.0,,0.0,,NOT_REQUIRED,0.0,SPLIT_PAYMENT
INV-00235,94032.0,TXN-00235,94032.0,0.0,MATCHED,99.0,,0.0,,NOT_REQUIRED,0.0,MATCHED
INV-00236,73384.0,TXN-00236,73384.0,0.0,MATCHED,99.0,,0.0,,NOT_REQUIRED,0.0,MATCHED
INV-00237,61482.0,TXN-00237,61232.0,-250.0,AMOUNT_MISMATCH,99.0,,0.0,,NOT_REQUIRED,0.0,AMOUNT_MISMATCH
INV-00238,94926.0,TXN-00238,94926.0,0.0,MATCHED,95.0,,0.0,,NOT_REQUIRED,0.0,MATCHED
INV-00239,62894.0,TXN-00239,62894.0,0.0,MATCHED,95.79,,0.0,,NOT_REQUIRED,0.0,MATCHED
INV-00240,79561.0,"TXN-00240,TXN-DUP-00240",159122.0,79561.0,DUPLICATE,99.0,,0.0,,NOT_REQUIRED,0.0,DUPLICATE
INV-00241,37208.0,"TXN-DUP-00241,TXN-00241",74416.0,37208.0,DUPLICATE,99.0,,0.0,,NOT_REQUIRED,0.0,DUPLICATE
INV-00242,36018.0,TXN-00242,36018.0,0.0,MATCHED,99.0,,0.0,,NOT_REQUIRED,0.0,MATCHED
INV-00243,40132.0,TXN-00243,39132.0,-1000.0,AMOUNT_MISMATCH,99.0,,0.0,,NOT_REQUIRED,0.0,AMOUNT_MISMATCH
INV-00244,59529.0,TXN-00244,59529.0,0.0,MATCHED,99.0,,0.0,,NOT_REQUIRED,0.0,MATCHED
INV-00245,73340.0,TXN-00245,73340.0,0.0,MATCHED,96.62,,0.0,,NOT_REQUIRED,0.0,MATCHED
INV-00246,25727.0,TXN-00246,25727.0,0.0,MATCHED,99.0,,0.0,,NOT_REQUIRED,0.0,MATCHED
INV-00247,31613.0,"TXN-00247,TXN-DUP-00247",63226.0,31613.0,DUPLICATE,99.0,,0.0,,NOT_REQUIRED,0.0,DUPLICATE
INV-00248,42704.0,TXN-00248,42704.0,0.0,MATCHED,99.0,,0.0,,NOT_REQUIRED,0.0,MATCHED
INV-00249,51604.0,"TXN-00249,TXN-DUP-00249",103208.0,51604.0,DUPLICATE,99.0,,0.0,,NOT_REQUIRED,0.0,DUPLICATE
INV-00250,20936.0,"TXN-00250-A,TXN-00250-B",20936.0,0.0,SPLIT_PAYMENT,95.0,,0.0,,NOT_REQUIRED,0.0,SPLIT_PAYMENT
INV-00251,66836.0,TXN-00251,66836.0,0.0,MATCHED,99.0,,0.0,,NOT_REQUIRED,0.0,MATCHED
INV-00252,58711.0,TXN-00252,58711.0,0.0,MATCHED,96.76,,0.0,,NOT_REQUIRED,0.0,MATCHED
INV-00253,19894.0,TXN-00253,19894.0,0.0,TIMING_DIFFERENCE,95.0,,0.0,,NOT_REQUIRED,0.0,TIMING_DIFFERENCE
INV-00254,62537.0,"TXN-00254-A,TXN-00254-B",62537.0,0.0,SPLIT_PAYMENT,95.0,,0.0,,NOT_REQUIRED,0.0,SPLIT_PAYMENT
INV-00255,53098.0,TXN-00255,53098.0,0.0,MATCHED,99.0,,0.0,,NOT_REQUIRED,0.0,MATCHED
INV-00256,89389.0,TXN-00256,89389.0,0.0,MATCHED,99.0,,0.0,,NOT_REQUIRED,0.0,MATCHED
INV-00257,95203.0,"TXN-00257,TXN-DUP-00257",190406.0,95203.0,DUPLICATE,99.0,,0.0,,NOT_REQUIRED,0.0,DUPLICATE
INV-00258,5705.0,TXN-00258,5705.0,0.0,MATCHED,99.0,,0.0,,NOT_REQUIRED,0.0,MATCHED
INV-00259,30817.0,TXN-00259,30817.0,0.0,MATCHED,99.0,,0.0,,NOT_REQUIRED,0.0,MATCHED
INV-00260,84066.0,TXN-00260,84066.0,0.0,TIMING_DIFFERENCE,95.0,,0.0,,NOT_REQUIRED,0.0,TIMING_DIFFERENCE
INV-00261,91964.0,"TXN-00261-A,TXN-00261-B",91964.0,0.0,SPLIT_PAYMENT,95.0,,0.0,,NOT_REQUIRED,0.0,SPLIT_PAYMENT
INV-00262,43516.0,TXN-00262,43516.0,0.0,MATCHED,97.73,,0.0,,NOT_REQUIRED,0.0,MATCHED
INV-00263,20080.0,TXN-00263,20080.0,0.0,MATCHED,99.0,,0.0,,NOT_REQUIRED,0.0,MATCHED
INV-00264,90364.0,TXN-00264,90364.0,0.0,MATCHED,96.5,,0.0,,NOT_REQUIRED,0.0,MATCHED
INV-00265,51140.0,TXN-00255,53098.0,1958.0,AMOUNT_MISMATCH,66.97,,0.0,,NOT_REQUIRED,0.0,AMOUNT_MISMATCH
INV-00266,66230.0,TXN-00266,65980.0,-250.0,AMOUNT_MISMATCH,99.0,,0.0,,NOT_REQUIRED,0.0,AMOUNT_MISMATCH
INV-00267,84611.0,TXN-00267,84611.0,0.0,MATCHED,99.0,,0.0,,NOT_REQUIRED,0.0,MATCHED
INV-00268,2231.0,TXN-00268,2231.0,0.0,TIMING_DIFFERENCE,95.0,,0.0,,NOT_REQUIRED,0.0,TIMING_DIFFERENCE
INV-00269,72643.0,TXN-00269,72643.0,0.0,MATCHED,99.0,,0.0,,NOT_REQUIRED,0.0,MATCHED
INV-00270,78014.0,TXN-00270,77014.0,-1000.0,AMOUNT_MISMATCH,99.0,,0.0,,NOT_REQUIRED,0.0,AMOUNT_MISMATCH
INV-00271,33780.0,TXN-00271,33780.0,0.0,TIMING_DIFFERENCE,95.0,,0.0,,NOT_REQUIRED,0.0,TIMING_DIFFERENCE
INV-00272,14979.0,TXN-00272,14979.0,0.0,MATCHED,99.0,,0.0,,NOT_REQUIRED,0.0,MATCHED
INV-00273,92655.0,TXN-00273,92655.0,0.0,MATCHED,99.0,,0.0,,NOT_REQUIRED,0.0,MATCHED
INV-00274,52879.0,TXN-00274,52879.0,0.0,MATCHED,99.0,,0.0,,NOT_REQUIRED,0.0,MATCHED
INV-00275,98605.0,"TXN-00275-A,TXN-00275-B",98605.0,0.0,SPLIT_PAYMENT,95.0,,0.0,,NOT_REQUIRED,0.0,SPLIT_PAYMENT
INV-00276,66107.0,"TXN-00276-A,TXN-00276-B",66107.0,0.0,SPLIT_PAYMENT,95.0,,0.0,,NOT_REQUIRED,0.0,SPLIT_PAYMENT
INV-00277,80569.0,TXN-00277,80569.0,0.0,MATCHED,99.0,,0.0,,NOT_REQUIRED,0.0,MATCHED
INV-00278,25920.0,TXN-00278,25920.0,0.0,MATCHED,99.0,,0.0,,NOT_REQUIRED,0.0,MATCHED
INV-00279,87400.0,TXN-00279,87400.0,0.0,TIMING_DIFFERENCE,95.0,,0.0,,NOT_REQUIRED,0.0,TIMING_DIFFERENCE
INV-00280,6167.0,"TXN-00280,TXN-DUP-00280",12334.0,6167.0,DUPLICATE,99.0,,0.0,,NOT_REQUIRED,0.0,DUPLICATE
INV-00281,96991.0,TXN-00281,96991.0,0.0,MATCHED,99.0,,0.0,,NOT_REQUIRED,0.0,MATCHED
INV-00282,43823.0,TXN-00282,43823.0,0.0,MATCHED,99.0,,0.0,,NOT_REQUIRED,0.0,MATCHED
INV-00283,18322.0,TXN-00283,18322.0,0.0,MATCHED,99.0,,0.0,,NOT_REQUIRED,0.0,MATCHED
INV-00284,66771.0,TXN-00284,66771.0,0.0,MATCHED,97.31,,0.0,,NOT_REQUIRED,0.0,MATCHED
INV-00285,39684.0,TXN-00285,39684.0,0.0,TIMING_DIFFERENCE,95.0,,0.0,,NOT_REQUIRED,0.0,TIMING_DIFFERENCE
INV-00286,10869.0,"TXN-DUP-00286,TXN-00286",21738.0,10869.0,DUPLICATE,99.0,,0.0,,NOT_REQUIRED,0.0,DUPLICATE
INV-00287,89647.0,TXN-00131,86990.0,-2657.0,AMOUNT_MISMATCH,72.11,,0.0,,NOT_REQUIRED,0.0,AMOUNT_MISMATCH
INV-00288,53089.0,TXN-00288,53089.0,0.0,TIMING_DIFFERENCE,95.0,,0.0,,NOT_REQUIRED,0.0,TIMING_DIFFERENCE
INV-00289,52717.0,TXN-00289,52717.0,0.0,MATCHED,97.5,,0.0,,NOT_REQUIRED,0.0,MATCHED
INV-00290,89188.0,TXN-00256,89389.0,201.0,AMOUNT_MISMATCH,71.03,,0.0,,NOT_REQUIRED,0.0,AMOUNT_MISMATCH
INV-00291,77619.0,TXN-00291,77619.0,0.0,TIMING_DIFFERENCE,95.0,,0.0,,NOT_REQUIRED,0.0,TIMING_DIFFERENCE
INV-00292,89452.0,TXN-00292,89452.0,0.0,MATCHED,99.0,,0.0,,NOT_REQUIRED,0.0,MATCHED
INV-00293,74584.0,"TXN-00293-A,TXN-00293-B",74584.0,0.0,SPLIT_PAYMENT,95.0,,0.0,,NOT_REQUIRED,0.0,SPLIT_PAYMENT
INV-00294,85889.0,TXN-00294,84889.0,-1000.0,AMOUNT_MISMATCH,99.0,,0.0,,NOT_REQUIRED,0.0,AMOUNT_MISMATCH
INV-00295,40608.0,TXN-00295,40608.0,0.0,MATCHED,97.93,,0.0,,NOT_REQUIRED,0.0,MATCHED
INV-00296,40893.0,TXN-00296,40893.0,0.0,MATCHED,99.0,,0.0,,NOT_REQUIRED,0.0,MATCHED
INV-00297,71457.0,TXN-00297,71457.0,0.0,MATCHED,99.0,,0.0,,NOT_REQUIRED,0.0,MATCHED
INV-00298,88881.0,TXN-00011,82070.0,-6811.0,AMOUNT_MISMATCH,72.93,,0.0,,NOT_REQUIRED,0.0,AMOUNT_MISMATCH
INV-00299,71804.0,TXN-00299,71554.0,-250.0,AMOUNT_MISMATCH,99.0,,0.0,,NOT_REQUIRED,0.0,AMOUNT_MISMATCH
INV-00300,13978.0,TXN-00300,13978.0,0.0,MATCHED,99.0,,0.0,,NOT_REQUIRED,0.0,MATCHED
INV-00301,37666.0,TXN-00146-A,38110.8,444.8000000000029,AMOUNT_MISMATCH,65.03,MATCHED,0.98,"Invoice amount, date, and customer match the strongest criteria.",AUTO_RESOLVE,25.27,MATCHED
INV-00302,29477.0,TXN-00302,29477.0,0.0,MATCHED,99.0,,0.0,,NOT_REQUIRED,0.0,MATCHED
INV-00303,48537.0,"TXN-00303-A,TXN-00303-B",48537.0,0.0,SPLIT_PAYMENT,95.0,,0.0,,NOT_REQUIRED,0.0,SPLIT_PAYMENT
INV-00304,72364.0,"TXN-00304-A,TXN-00304-B",72364.0,0.0,SPLIT_PAYMENT,95.0,,0.0,,NOT_REQUIRED,0.0,SPLIT_PAYMENT
INV-00305,8936.0,TXN-00305,8936.0,0.0,MATCHED,99.0,,0.0,,NOT_REQUIRED,0.0,MATCHED
INV-00306,13015.0,TXN-00306,13015.0,0.0,MATCHED,99.0,,0.0,,NOT_REQUIRED,0.0,MATCHED
INV-00307,79269.0,TXN-00307,79269.0,0.0,MATCHED,99.0,,0.0,,NOT_REQUIRED,0.0,MATCHED
INV-00308,32925.0,"TXN-00308,TXN-DUP-00308",65850.0,32925.0,DUPLICATE,99.0,,0.0,,NOT_REQUIRED,0.0,DUPLICATE
INV-00309,9992.0,"TXN-DUP-00309,TXN-00309",19984.0,9992.0,DUPLICATE,99.0,,0.0,,NOT_REQUIRED,0.0,DUPLICATE
INV-00310,31539.0,"TXN-DUP-00310,TXN-00310",63078.0,31539.0,DUPLICATE,99.0,,0.0,,NOT_REQUIRED,0.0,DUPLICATE
INV-00311,1371.0,TXN-00311,1371.0,0.0,TIMING_DIFFERENCE,95.0,,0.0,,NOT_REQUIRED,0.0,TIMING_DIFFERENCE
INV-00312,33853.0,TXN-00312,33853.0,0.0,MATCHED,99.0,,0.0,,NOT_REQUIRED,0.0,MATCHED
INV-00313,4379.0,TXN-00313,4379.0,0.0,MATCHED,99.0,,0.0,,NOT_REQUIRED,0.0,MATCHED
INV-00314,78182.0,TXN-00314,78182.0,0.0,MATCHED,99.0,,0.0,,NOT_REQUIRED,0.0,MATCHED
INV-00315,7868.0,"TXN-00315,TXN-DUP-00315",15736.0,7868.0,DUPLICATE,99.0,,0.0,,NOT_REQUIRED,0.0,DUPLICATE
INV-00316,9330.0,TXN-00316,9330.0,0.0,MATCHED,93.42,,0.0,,NOT_REQUIRED,0.0,MATCHED
INV-00317,15293.0,TXN-00317,15293.0,0.0,MATCHED,99.0,,0.0,,NOT_REQUIRED,0.0,MATCHED
INV-00318,96321.0,"TXN-00318-A,TXN-00318-B",96321.0,0.0,SPLIT_PAYMENT,95.0,,0.0,,NOT_REQUIRED,0.0,SPLIT_PAYMENT
INV-00319,69347.0,TXN-00319,69347.0,0.0,MATCHED,99.0,,0.0,,NOT_REQUIRED,0.0,MATCHED
INV-00320,8972.0,TXN-00320,8972.0,0.0,TIMING_DIFFERENCE,95.0,,0.0,,NOT_REQUIRED,0.0,TIMING_DIFFERENCE
INV-00321,94375.0,TXN-00321,94375.0,0.0,MATCHED,99.0,,0.0,,NOT_REQUIRED,0.0,MATCHED
INV-00322,43219.0,TXN-00322,43219.0,0.0,MATCHED,99.0,,0.0,,NOT_REQUIRED,0.0,MATCHED
INV-00323,37046.0,TXN-00323,34546.0,-2500.0,AMOUNT_MISMATCH,97.3,,0.0,,NOT_REQUIRED,0.0,AMOUNT_MISMATCH
INV-00324,79301.0,TXN-00324,79301.0,0.0,MATCHED,99.0,,0.0,,NOT_REQUIRED,0.0,MATCHED
INV-00325,13999.0,TXN-00467-B,15372.4,1373.3999999999996,REVIEW_REQUIRED,63.45,AMOUNT_MISMATCH,0.85,Invoice amount is significantly different from the provided amounts.,AUTO_RESOLVE,24.24,AMOUNT_MISMATCH
INV-00326,86814.0,TXN-00326,86814.0,0.0,TIMING_DIFFERENCE,95.0,,0.0,,NOT_REQUIRED,0.0,TIMING_DIFFERENCE
INV-00327,57370.0,TXN-00327,57370.0,0.0,TIMING_DIFFERENCE,95.0,,0.0,,NOT_REQUIRED,0.0,TIMING_DIFFERENCE
INV-00328,60441.0,TXN-00328,60441.0,0.0,MATCHED,99.0,,0.0,,NOT_REQUIRED,0.0,MATCHED
INV-00329,41966.0,TXN-00329,41966.0,0.0,MATCHED,99.0,,0.0,,NOT_REQUIRED,0.0,MATCHED
INV-00330,50060.0,TXN-00214-A,51531.6,1471.5999999999983,AMOUNT_MISMATCH,70.19,,0.0,,NOT_REQUIRED,0.0,AMOUNT_MISMATCH
INV-00331,63163.0,TXN-00331,63163.0,0.0,MATCHED,99.0,,0.0,,NOT_REQUIRED,0.0,MATCHED
INV-00332,13219.0,TXN-00332,13219.0,0.0,MATCHED,99.0,,0.0,,NOT_REQUIRED,0.0,MATCHED
INV-00333,73924.0,TXN-00333,71424.0,-2500.0,AMOUNT_MISMATCH,98.65,,0.0,,NOT_REQUIRED,0.0,AMOUNT_MISMATCH
INV-00334,44207.0,TXN-00334,44207.0,0.0,MATCHED,99.0,,0.0,,NOT_REQUIRED,0.0,MATCHED
INV-00335,88207.0,TXN-00335,88207.0,0.0,MATCHED,99.0,,0.0,,NOT_REQUIRED,0.0,MATCHED
INV-00336,7743.0,TXN-00336,7243.0,-500.0,AMOUNT_MISMATCH,80.84,,0.0,,NOT_REQUIRED,0.0,AMOUNT_MISMATCH
INV-00337,28884.0,TXN-00035,27071.0,-1813.0,AMOUNT_MISMATCH,68.85,,0.0,,NOT_REQUIRED,0.0,AMOUNT_MISMATCH
INV-00338,30392.0,TXN-00338,30392.0,0.0,MATCHED,99.0,,0.0,,NOT_REQUIRED,0.0,MATCHED
INV-00339,49176.0,"TXN-DUP-00339,TXN-00339",98352.0,49176.0,DUPLICATE,99.0,,0.0,,NOT_REQUIRED,0.0,DUPLICATE
INV-00340,30643.0,TXN-00340,30643.0,0.0,MATCHED,99.0,,0.0,,NOT_REQUIRED,0.0,MATCHED
INV-00341,81422.0,TXN-00341,81322.0,-100.0,AMOUNT_MISMATCH,99.0,,0.0,,NOT_REQUIRED,0.0,AMOUNT_MISMATCH
INV-00342,87223.0,TXN-00211,93141.0,5918.0,AMOUNT_MISMATCH,70.35,,0.0,,NOT_REQUIRED,0.0,AMOUNT_MISMATCH
INV-00343,4794.0,TXN-00343,4794.0,0.0,MATCHED,99.0,,0.0,,NOT_REQUIRED,0.0,MATCHED
INV-00344,45541.0,TXN-00344,45541.0,0.0,MATCHED,99.0,,0.0,,NOT_REQUIRED,0.0,MATCHED
INV-00345,75228.0,TXN-00345,75228.0,0.0,MATCHED,94.19,,0.0,,NOT_REQUIRED,0.0,MATCHED
INV-00346,5018.0,"TXN-00346,TXN-DUP-00346",10036.0,5018.0,DUPLICATE,99.0,,0.0,,NOT_REQUIRED,0.0,DUPLICATE
INV-00347,50308.0,TXN-00347,50308.0,0.0,MATCHED,99.0,,0.0,,NOT_REQUIRED,0.0,MATCHED
INV-00348,49503.0,TXN-00080,49434.0,-69.0,AMOUNT_MISMATCH,71.91,,0.0,,NOT_REQUIRED,0.0,AMOUNT_MISMATCH
INV-00349,75395.0,TXN-00349,75395.0,0.0,MATCHED,99.0,,0.0,,NOT_REQUIRED,0.0,MATCHED
INV-00350,21392.0,"TXN-00350,TXN-DUP-00350",42784.0,21392.0,DUPLICATE,99.0,,0.0,,NOT_REQUIRED,0.0,DUPLICATE
INV-00351,36665.0,TXN-00068-A,38095.8,1430.800000000003,AMOUNT_MISMATCH,79.88,,0.0,,NOT_REQUIRED,0.0,AMOUNT_MISMATCH
INV-00352,64656.0,TXN-00352,64656.0,0.0,MATCHED,99.0,,0.0,,NOT_REQUIRED,0.0,MATCHED
INV-00353,29255.0,TXN-00353,29255.0,0.0,MATCHED,99.0,,0.0,,NOT_REQUIRED,0.0,MATCHED
INV-00354,38125.0,TXN-00318-B,38528.4,403.4000000000015,AMOUNT_MISMATCH,72.58,,0.0,,NOT_REQUIRED,0.0,AMOUNT_MISMATCH
INV-00355,64783.0,TXN-00374,65764.0,981.0,AMOUNT_MISMATCH,79.89,,0.0,,NOT_REQUIRED,0.0,AMOUNT_MISMATCH
INV-00356,6952.0,TXN-00356,6952.0,0.0,MATCHED,99.0,,0.0,,NOT_REQUIRED,0.0,MATCHED
INV-00357,8180.0,TXN-00357,8180.0,0.0,MATCHED,99.0,,0.0,,NOT_REQUIRED,0.0,MATCHED
INV-00358,34491.0,TXN-00358,34491.0,0.0,MATCHED,96.5,,0.0,,NOT_REQUIRED,0.0,MATCHED
INV-00359,57446.0,TXN-00359,57446.0,0.0,MATCHED,99.0,,0.0,,NOT_REQUIRED,0.0,MATCHED
INV-00360,66570.0,TXN-00360,66570.0,0.0,TIMING_DIFFERENCE,95.0,,0.0,,NOT_REQUIRED,0.0,TIMING_DIFFERENCE
INV-00361,53044.0,"TXN-00361,TXN-DUP-00361",106088.0,53044.0,DUPLICATE,99.0,,0.0,,NOT_REQUIRED,0.0,DUPLICATE
INV-00362,3456.0,"TXN-00362-A,TXN-00362-B",3456.0,0.0,SPLIT_PAYMENT,95.0,,0.0,,NOT_REQUIRED,0.0,SPLIT_PAYMENT
INV-00363,76465.0,TXN-00363,75465.0,-1000.0,AMOUNT_MISMATCH,89.69,,0.0,,NOT_REQUIRED,0.0,AMOUNT_MISMATCH
INV-00364,3733.0,TXN-00364,3733.0,0.0,MATCHED,99.0,,0.0,,NOT_REQUIRED,0.0,MATCHED
INV-00365,91388.0,TXN-00365,91388.0,0.0,MATCHED,97.93,,0.0,,NOT_REQUIRED,0.0,MATCHED
INV-00366,32891.0,TXN-00366,30391.0,-2500.0,AMOUNT_MISMATCH,83.9,,0.0,,NOT_REQUIRED,0.0,AMOUNT_MISMATCH
INV-00367,98754.0,TXN-00367,98754.0,0.0,MATCHED,99.0,,0.0,,NOT_REQUIRED,0.0,MATCHED
INV-00368,67910.0,TXN-00368,67910.0,0.0,MATCHED,99.0,,0.0,,NOT_REQUIRED,0.0,MATCHED
INV-00369,26415.0,"TXN-DUP-00369,TXN-00369",52830.0,26415.0,DUPLICATE,99.0,,0.0,,NOT_REQUIRED,0.0,DUPLICATE
INV-00370,96339.0,TXN-00370,96089.0,-250.0,AMOUNT_MISMATCH,99.0,,0.0,,NOT_REQUIRED,0.0,AMOUNT_MISMATCH
INV-00371,14474.0,TXN-00371,14474.0,0.0,MATCHED,99.0,,0.0,,NOT_REQUIRED,0.0,MATCHED
INV-00372,79957.0,"TXN-DUP-00372,TXN-00372",159914.0,79957.0,DUPLICATE,99.0,,0.0,,NOT_REQUIRED,0.0,DUPLICATE
INV-00373,10876.0,"TXN-00373-A,TXN-00373-B",10876.0,0.0,SPLIT_PAYMENT,95.0,,0.0,,NOT_REQUIRED,0.0,SPLIT_PAYMENT
INV-00374,65764.0,"TXN-DUP-00374,TXN-00374",131528.0,65764.0,DUPLICATE,99.0,,0.0,,NOT_REQUIRED,0.0,DUPLICATE
INV-00375,90277.0,TXN-00375,90277.0,0.0,TIMING_DIFFERENCE,93.23,,0.0,,NOT_REQUIRED,0.0,TIMING_DIFFERENCE
INV-00376,42436.0,TXN-00376,42436.0,0.0,MATCHED,99.0,,0.0,,NOT_REQUIRED,0.0,MATCHED
INV-00377,40691.0,TXN-00377,40691.0,0.0,MATCHED,99.0,,0.0,,NOT_REQUIRED,0.0,MATCHED
INV-00378,47129.0,TXN-00378,47129.0,0.0,MATCHED,99.0,,0.0,,NOT_REQUIRED,0.0,MATCHED
INV-00379,60233.0,TXN-00379,60233.0,0.0,MATCHED,99.0,,0.0,,NOT_REQUIRED,0.0,MATCHED
INV-00380,11057.0,TXN-00380,11057.0,0.0,TIMING_DIFFERENCE,95.0,,0.0,,NOT_REQUIRED,0.0,TIMING_DIFFERENCE
INV-00381,78867.0,TXN-00381,78867.0,0.0,MATCHED,99.0,,0.0,,NOT_REQUIRED,0.0,MATCHED
INV-00382,6376.0,"TXN-00382-A,TXN-00382-B",6376.0,0.0,SPLIT_PAYMENT,95.0,,0.0,,NOT_REQUIRED,0.0,SPLIT_PAYMENT
INV-00383,86437.0,TXN-00383,86437.0,0.0,MATCHED,93.12,,0.0,,NOT_REQUIRED,0.0,MATCHED
INV-00384,9109.0,TXN-00384,9109.0,0.0,MATCHED,99.0,,0.0,,NOT_REQUIRED,0.0,MATCHED
INV-00385,94626.0,TXN-00385,94626.0,0.0,MATCHED,98.43,,0.0,,NOT_REQUIRED,0.0,MATCHED
INV-00386,93749.0,"TXN-00386-A,TXN-00386-B",93749.0,0.0,SPLIT_PAYMENT,95.0,,0.0,,NOT_REQUIRED,0.0,SPLIT_PAYMENT
INV-00387,69517.0,TXN-00387,69517.0,0.0,MATCHED,96.5,,0.0,,NOT_REQUIRED,0.0,MATCHED
INV-00388,51779.0,"TXN-00388,TXN-DUP-00388",103558.0,51779.0,DUPLICATE,99.0,,0.0,,NOT_REQUIRED,0.0,DUPLICATE
INV-00389,79366.0,"TXN-00389,TXN-DUP-00389",158732.0,79366.0,DUPLICATE,99.0,,0.0,,NOT_REQUIRED,0.0,DUPLICATE
INV-00390,44863.0,TXN-00390,44863.0,0.0,MATCHED,99.0,,0.0,,NOT_REQUIRED,0.0,MATCHED
INV-00391,89916.0,TXN-00391,89916.0,0.0,MATCHED,99.0,,0.0,,NOT_REQUIRED,0.0,MATCHED
INV-00392,87057.0,TXN-00392,86807.0,-250.0,AMOUNT_MISMATCH,89.17,,0.0,,NOT_REQUIRED,0.0,AMOUNT_MISMATCH
INV-00393,87980.0,"TXN-00393-A,TXN-00393-B",87980.0,0.0,SPLIT_PAYMENT,95.0,,0.0,,NOT_REQUIRED,0.0,SPLIT_PAYMENT
INV-00394,86990.0,TXN-00131,86990.0,0.0,MATCHED,90.0,,0.0,,NOT_REQUIRED,0.0,MATCHED
INV-00395,17901.0,TXN-00081-B,16260.4,-1640.6000000000004,AMOUNT_MISMATCH,69.63,,0.0,,NOT_REQUIRED,0.0,AMOUNT_MISMATCH
INV-00396,12104.0,TXN-00396,11604.0,-500.0,AMOUNT_MISMATCH,98.35,,0.0,,NOT_REQUIRED,0.0,AMOUNT_MISMATCH
INV-00397,88833.0,TXN-00397,88833.0,0.0,TIMING_DIFFERENCE,95.0,,0.0,,NOT_REQUIRED,0.0,TIMING_DIFFERENCE
INV-00398,85675.0,TXN-00398,85675.0,0.0,MATCHED,98.49,,0.0,,NOT_REQUIRED,0.0,MATCHED
INV-00399,41483.0,"TXN-00399-A,TXN-00399-B",41483.0,0.0,SPLIT_PAYMENT,95.0,,0.0,,NOT_REQUIRED,0.0,SPLIT_PAYMENT
INV-00400,26166.0,"TXN-00400-A,TXN-00400-B",26166.0,0.0,SPLIT_PAYMENT,95.0,,0.0,,NOT_REQUIRED,0.0,SPLIT_PAYMENT
INV-00401,11114.0,TXN-00401,11114.0,0.0,TIMING_DIFFERENCE,95.0,,0.0,,NOT_REQUIRED,0.0,TIMING_DIFFERENCE
INV-00402,71748.0,"TXN-00402,TXN-DUP-00402",143496.0,71748.0,DUPLICATE,99.0,,0.0,,NOT_REQUIRED,0.0,DUPLICATE
INV-00403,5947.0,TXN-00403,5947.0,0.0,MATCHED,99.0,,0.0,,NOT_REQUIRED,0.0,MATCHED
INV-00404,79282.0,TXN-00404,79282.0,0.0,MATCHED,99.0,,0.0,,NOT_REQUIRED,0.0,MATCHED
INV-00405,91812.0,TXN-00405,91562.0,-250.0,AMOUNT_MISMATCH,99.0,,0.0,,NOT_REQUIRED,0.0,AMOUNT_MISMATCH
INV-00406,58366.0,TXN-00406,58366.0,0.0,MATCHED,99.0,,0.0,,NOT_REQUIRED,0.0,MATCHED
INV-00407,95317.0,"TXN-00407-A,TXN-00407-B",95317.0,0.0,SPLIT_PAYMENT,95.0,,0.0,,NOT_REQUIRED,0.0,SPLIT_PAYMENT
INV-00408,38346.0,"TXN-DUP-00408,TXN-00408",76692.0,38346.0,DUPLICATE,99.0,,0.0,,NOT_REQUIRED,0.0,DUPLICATE
INV-00409,31671.0,TXN-00409,31671.0,0.0,MATCHED,99.0,,0.0,,NOT_REQUIRED,0.0,MATCHED
INV-00410,26430.0,TXN-00444,26048.0,-382.0,AMOUNT_MISMATCH,73.92,,0.0,,NOT_REQUIRED,0.0,AMOUNT_MISMATCH
INV-00411,75766.0,TXN-00411,75766.0,0.0,MATCHED,99.0,,0.0,,NOT_REQUIRED,0.0,MATCHED
INV-00412,51052.0,TXN-00412,51052.0,0.0,MATCHED,99.0,,0.0,,NOT_REQUIRED,0.0,MATCHED
INV-00413,27174.0,TXN-00413,26674.0,-500.0,AMOUNT_MISMATCH,87.42,,0.0,,NOT_REQUIRED,0.0,AMOUNT_MISMATCH
INV-00414,49655.0,"TXN-00414-A,TXN-00414-B",49655.0,0.0,SPLIT_PAYMENT,95.0,,0.0,,NOT_REQUIRED,0.0,SPLIT_PAYMENT
INV-00415,17341.0,TXN-00415,17341.0,0.0,MATCHED,99.0,,0.0,,NOT_REQUIRED,0.0,MATCHED
INV-00416,36755.0,TXN-00416-A,22053.0,-14702.0,AMOUNT_MISMATCH,70.62,,0.0,,NOT_REQUIRED,0.0,AMOUNT_MISMATCH
INV-00417,13021.0,TXN-00417,13021.0,0.0,MATCHED,94.25,,0.0,,NOT_REQUIRED,0.0,MATCHED
INV-00418,4495.0,TXN-00418,4495.0,0.0,MATCHED,99.0,,0.0,,NOT_REQUIRED,0.0,MATCHED
INV-00419,51615.0,TXN-00419,51615.0,0.0,MATCHED,99.0,,0.0,,NOT_REQUIRED,0.0,MATCHED
INV-00420,42770.0,TXN-00420,42770.0,0.0,MATCHED,99.0,,0.0,,NOT_REQUIRED,0.0,MATCHED
INV-00421,86191.0,"TXN-00421,TXN-DUP-00421",172382.0,86191.0,DUPLICATE,99.0,,0.0,,NOT_REQUIRED,0.0,DUPLICATE
INV-00422,6020.0,"TXN-00422-A,TXN-00422-B",6020.0,0.0,SPLIT_PAYMENT,95.0,,0.0,,NOT_REQUIRED,0.0,SPLIT_PAYMENT
INV-00423,93476.0,TXN-00423,93476.0,0.0,MATCHED,95.86,,0.0,,NOT_REQUIRED,0.0,MATCHED
INV-00424,3490.0,TXN-00424,3490.0,0.0,MATCHED,99.0,,0.0,,NOT_REQUIRED,0.0,MATCHED
INV-00425,72932.0,TXN-00425,71932.0,-1000.0,AMOUNT_MISMATCH,99.0,,0.0,,NOT_REQUIRED,0.0,AMOUNT_MISMATCH
INV-00426,38762.0,TXN-00426,38762.0,0.0,MATCHED,95.0,,0.0,,NOT_REQUIRED,0.0,MATCHED
INV-00427,84748.0,TXN-00427,84648.0,-100.0,AMOUNT_MISMATCH,99.0,,0.0,,NOT_REQUIRED,0.0,AMOUNT_MISMATCH
INV-00428,66513.0,TXN-00428,66513.0,0.0,MATCHED,99.0,,0.0,,NOT_REQUIRED,0.0,MATCHED
INV-00429,68551.0,TXN-00429,68551.0,0.0,MATCHED,99.0,,0.0,,NOT_REQUIRED,0.0,MATCHED
INV-00430,39177.0,TXN-00430,39177.0,0.0,MATCHED,99.0,,0.0,,NOT_REQUIRED,0.0,MATCHED
INV-00431,32531.0,TXN-00431,32531.0,0.0,MATCHED,99.0,,0.0,,NOT_REQUIRED,0.0,MATCHED
INV-00432,69614.0,TXN-00432,69614.0,0.0,MATCHED,99.0,,0.0,,NOT_REQUIRED,0.0,MATCHED
INV-00433,67535.0,TXN-00433,67535.0,0.0,MATCHED,99.0,,0.0,,NOT_REQUIRED,0.0,MATCHED
INV-00434,6706.0,TXN-00434,6706.0,0.0,MATCHED,94.19,,0.0,,NOT_REQUIRED,0.0,MATCHED
INV-00435,3128.0,"TXN-00435,TXN-DUP-00435",6256.0,3128.0,DUPLICATE,99.0,,0.0,,NOT_REQUIRED,0.0,DUPLICATE
INV-00436,87127.0,TXN-00436,87127.0,0.0,MATCHED,99.0,,0.0,,NOT_REQUIRED,0.0,MATCHED
INV-00437,97362.0,TXN-00437,97362.0,0.0,MATCHED,99.0,,0.0,,NOT_REQUIRED,0.0,MATCHED
INV-00438,47176.0,TXN-00438,47176.0,0.0,MATCHED,99.0,,0.0,,NOT_REQUIRED,0.0,MATCHED
INV-00439,61899.0,TXN-00439,61899.0,0.0,MATCHED,99.0,,0.0,,NOT_REQUIRED,0.0,MATCHED
INV-00440,18675.0,TXN-00303-B,19414.8,739.7999999999993,AMOUNT_MISMATCH,69.06,,0.0,,NOT_REQUIRED,0.0,AMOUNT_MISMATCH
INV-00441,60988.0,TXN-00441,60988.0,0.0,MATCHED,93.12,,0.0,,NOT_REQUIRED,0.0,MATCHED
INV-00442,6492.0,"TXN-00442-A,TXN-00442-B",6492.0,0.0,SPLIT_PAYMENT,95.0,,0.0,,NOT_REQUIRED,0.0,SPLIT_PAYMENT
INV-00443,53196.0,TXN-00443,53196.0,0.0,MATCHED,94.03,,0.0,,NOT_REQUIRED,0.0,MATCHED
INV-00444,26048.0,TXN-00444,26048.0,0.0,MATCHED,99.0,,0.0,,NOT_REQUIRED,0.0,MATCHED
INV-00445,86948.0,TXN-00445,86948.0,0.0,MATCHED,99.0,,0.0,,NOT_REQUIRED,0.0,MATCHED
INV-00446,53431.0,TXN-00446,53431.0,0.0,MATCHED,99.0,,0.0,,NOT_REQUIRED,0.0,MATCHED
INV-00447,25486.0,TXN-00068-B,25397.2,-88.79999999999927,AMOUNT_MISMATCH,73.93,,0.0,,NOT_REQUIRED,0.0,AMOUNT_MISMATCH
INV-00448,49148.0,"TXN-DUP-00448,TXN-00448",98296.0,49148.0,DUPLICATE,99.0,,0.0,,NOT_REQUIRED,0.0,DUPLICATE
INV-00449,11828.0,TXN-00449,11828.0,0.0,MATCHED,99.0,,0.0,,NOT_REQUIRED,0.0,MATCHED
INV-00450,79964.0,TXN-00450,79964.0,0.0,MATCHED,99.0,,0.0,,NOT_REQUIRED,0.0,MATCHED
INV-00451,43101.0,TXN-00451,43101.0,0.0,MATCHED,99.0,,0.0,,NOT_REQUIRED,0.0,MATCHED
INV-00452,59447.0,TXN-00386-A,56249.4,-3197.5999999999985,AMOUNT_MISMATCH,77.01,,0.0,,NOT_REQUIRED,0.0,AMOUNT_MISMATCH
INV-00453,22842.0,TXN-00453,22842.0,0.0,MATCHED,99.0,,0.0,,NOT_REQUIRED,0.0,MATCHED
INV-00454,47210.0,"TXN-00454-A,TXN-00454-B",47210.0,0.0,SPLIT_PAYMENT,95.0,,0.0,,NOT_REQUIRED,0.0,SPLIT_PAYMENT
INV-00455,84816.0,"TXN-00455-A,TXN-00455-B",84816.0,0.0,SPLIT_PAYMENT,95.0,,0.0,,NOT_REQUIRED,0.0,SPLIT_PAYMENT
INV-00456,54242.0,TXN-00456,54242.0,0.0,MATCHED,99.0,,0.0,,NOT_REQUIRED,0.0,MATCHED
INV-00457,90051.0,"TXN-00457-A,TXN-00457-B",90051.0,0.0,SPLIT_PAYMENT,95.0,,0.0,,NOT_REQUIRED,0.0,SPLIT_PAYMENT
INV-00458,80635.0,"TXN-00458,TXN-DUP-00458",161270.0,80635.0,DUPLICATE,99.0,,0.0,,NOT_REQUIRED,0.0,DUPLICATE
INV-00459,17545.0,TXN-00459,17545.0,0.0,MATCHED,99.0,,0.0,,NOT_REQUIRED,0.0,MATCHED
INV-00460,49015.0,TXN-00460,49015.0,0.0,MATCHED,99.0,,0.0,,NOT_REQUIRED,0.0,MATCHED
INV-00461,21111.0,TXN-00461,21111.0,0.0,MATCHED,99.0,,0.0,,NOT_REQUIRED,0.0,MATCHED
INV-00462,49760.0,"TXN-00462,TXN-DUP-00462",99520.0,49760.0,DUPLICATE,99.0,,0.0,,NOT_REQUIRED,0.0,DUPLICATE
INV-00463,19047.0,TXN-00463,19047.0,0.0,MATCHED,95.0,,0.0,,NOT_REQUIRED,0.0,MATCHED
INV-00464,33717.0,TXN-00464,33717.0,0.0,MATCHED,99.0,,0.0,,NOT_REQUIRED,0.0,MATCHED
INV-00465,66410.0,TXN-00465,66410.0,0.0,MATCHED,99.0,,0.0,,NOT_REQUIRED,0.0,MATCHED
INV-00466,35116.0,TXN-00466,35116.0,0.0,MATCHED,99.0,,0.0,,NOT_REQUIRED,0.0,MATCHED
INV-00467,38431.0,"TXN-00467-A,TXN-00467-B",38431.0,0.0,SPLIT_PAYMENT,95.0,,0.0,,NOT_REQUIRED,0.0,SPLIT_PAYMENT
INV-00468,27237.0,TXN-00468,27237.0,0.0,MATCHED,99.0,,0.0,,NOT_REQUIRED,0.0,MATCHED
INV-00469,60250.0,TXN-00469,60250.0,0.0,TIMING_DIFFERENCE,95.0,,0.0,,NOT_REQUIRED,0.0,TIMING_DIFFERENCE
INV-00470,90381.0,"TXN-00470-A,TXN-00470-B",90381.0,0.0,SPLIT_PAYMENT,95.0,,0.0,,NOT_REQUIRED,0.0,SPLIT_PAYMENT
INV-00471,46537.0,TXN-00471,46537.0,0.0,MATCHED,99.0,,0.0,,NOT_REQUIRED,0.0,MATCHED
INV-00472,39058.0,TXN-00472,39058.0,0.0,MATCHED,99.0,,0.0,,NOT_REQUIRED,0.0,MATCHED
INV-00473,94298.0,"TXN-00473-A,TXN-00473-B",94298.0,0.0,SPLIT_PAYMENT,95.0,,0.0,,NOT_REQUIRED,0.0,SPLIT_PAYMENT
INV-00474,23818.0,TXN-00474,23818.0,0.0,MATCHED,99.0,,0.0,,NOT_REQUIRED,0.0,MATCHED
INV-00475,16907.0,"TXN-00475,TXN-DUP-00475",33814.0,16907.0,DUPLICATE,99.0,,0.0,,NOT_REQUIRED,0.0,DUPLICATE
INV-00476,65752.0,TXN-00476,65752.0,0.0,MATCHED,99.0,,0.0,,NOT_REQUIRED,0.0,MATCHED
INV-00477,49353.0,TXN-00477,49353.0,0.0,TIMING_DIFFERENCE,95.0,,0.0,,NOT_REQUIRED,0.0,TIMING_DIFFERENCE
INV-00478,9617.0,TXN-00478,9617.0,0.0,MATCHED,99.0,,0.0,,NOT_REQUIRED,0.0,MATCHED
INV-00479,69903.0,"TXN-00479,TXN-DUP-00479",139806.0,69903.0,DUPLICATE,99.0,,0.0,,NOT_REQUIRED,0.0,DUPLICATE
INV-00480,10666.0,"TXN-00480-A,TXN-00480-B",10666.0,0.0,SPLIT_PAYMENT,95.0,,0.0,,NOT_REQUIRED,0.0,SPLIT_PAYMENT
INV-00481,10720.0,TXN-00481,10720.0,0.0,MATCHED,99.0,,0.0,,NOT_REQUIRED,0.0,MATCHED
INV-00482,46156.0,TXN-00482,46156.0,0.0,TIMING_DIFFERENCE,95.0,,0.0,,NOT_REQUIRED,0.0,TIMING_DIFFERENCE
INV-00483,78042.0,"TXN-DUP-00483,TXN-00483",156084.0,78042.0,DUPLICATE,99.0,,0.0,,NOT_REQUIRED,0.0,DUPLICATE
INV-00484,8263.0,TXN-00484,8263.0,0.0,MATCHED,99.0,,0.0,,NOT_REQUIRED,0.0,MATCHED
INV-00485,22229.0,"TXN-00485-A,TXN-00485-B",22229.0,0.0,SPLIT_PAYMENT,95.0,,0.0,,NOT_REQUIRED,0.0,SPLIT_PAYMENT
INV-00486,38230.0,TXN-00486,38230.0,0.0,MATCHED,99.0,,0.0,,NOT_REQUIRED,0.0,MATCHED
INV-00487,84238.0,TXN-00487,84238.0,0.0,MATCHED,99.0,,0.0,,NOT_REQUIRED,0.0,MATCHED
INV-00488,70924.0,TXN-00488,70924.0,0.0,MATCHED,99.0,,0.0,,NOT_REQUIRED,0.0,MATCHED
INV-00489,78569.0,TXN-00489,78569.0,0.0,MATCHED,99.0,,0.0,,NOT_REQUIRED,0.0,MATCHED
INV-00490,82851.0,"TXN-00490-A,TXN-00490-B",82851.0,0.0,SPLIT_PAYMENT,95.0,,0.0,,NOT_REQUIRED,0.0,SPLIT_PAYMENT
INV-00491,74874.0,TXN-00491,74874.0,0.0,TIMING_DIFFERENCE,93.93,,0.0,,NOT_REQUIRED,0.0,TIMING_DIFFERENCE
INV-00492,76598.0,TXN-00186,70588.0,-6010.0,AMOUNT_MISMATCH,71.36,,0.0,,NOT_REQUIRED,0.0,AMOUNT_MISMATCH
INV-00493,75991.0,TXN-00493,75891.0,-100.0,AMOUNT_MISMATCH,99.0,,0.0,,NOT_REQUIRED,0.0,AMOUNT_MISMATCH
INV-00494,83203.0,TXN-00494,83203.0,0.0,MATCHED,99.0,,0.0,,NOT_REQUIRED,0.0,MATCHED
INV-00495,33096.0,TXN-00495,33096.0,0.0,TIMING_DIFFERENCE,95.0,,0.0,,NOT_REQUIRED,0.0,TIMING_DIFFERENCE
INV-00496,60446.0,TXN-00065,64788.0,4342.0,AMOUNT_MISMATCH,77.63,,0.0,,NOT_REQUIRED,0.0,AMOUNT_MISMATCH
INV-00497,21719.0,TXN-00497,21719.0,0.0,MATCHED,99.0,,0.0,,NOT_REQUIRED,0.0,MATCHED
INV-00498,27741.0,TXN-00498,27241.0,-500.0,AMOUNT_MISMATCH,99.0,,0.0,,NOT_REQUIRED,0.0,AMOUNT_MISMATCH
INV-00499,42853.0,"TXN-00499-A,TXN-00499-B",42853.0,0.0,SPLIT_PAYMENT,95.0,,0.0,,NOT_REQUIRED,0.0,SPLIT_PAYMENT
INV-00500,18139.0,TXN-00500,18139.0,0.0,MATCHED,99.0,,0.0,,NOT_REQUIRED,0.0,MATCHED
