invoice_id,status,final_status,expected_status,confidence,ai_decision,ai_confidence,ai_action,ai_reason,ai_time_seconds
INV-00021,AMOUNT_MISMATCH,AMOUNT_MISMATCH,MISSING_PAYMENT,69.17,,0.0,NOT_REQUIRED,,0.0
INV-00043,AMOUNT_MISMATCH,AMOUNT_MISMATCH,MISSING_PAYMENT,77.1,,0.0,NOT_REQUIRED,,0.0
INV-00047,REVIEW_REQUIRED,REVIEW_REQUIRED,MISSING_PAYMENT,47.65,HUMAN_REVIEW,0.0,HUMAN_REVIEW,Ollama request timed out.,32.12
INV-00054,AMOUNT_MISMATCH,AMOUNT_MISMATCH,SPLIT_PAYMENT,73.75,,0.0,NOT_REQUIRED,,0.0
INV-00072,REVIEW_REQUIRED,AMOUNT_MISMATCH,MISSING_PAYMENT,64.14,AMOUNT_MISMATCH,0.85,AUTO_RESOLVE,"Invoice amount is significantly different from the matched transaction, despite matching on strong customer and date.",30.24
INV-00074,AMOUNT_MISMATCH,AMOUNT_MISMATCH,MISSING_PAYMENT,68.74,,0.0,NOT_REQUIRED,,0.0
INV-00094,AMOUNT_MISMATCH,AMOUNT_MISMATCH,MISSING_PAYMENT,74.65,,0.0,NOT_REQUIRED,,0.0
INV-00103,AMOUNT_MISMATCH,AMOUNT_MISMATCH,MISSING_PAYMENT,71.26,,0.0,NOT_REQUIRED,,0.0
INV-00106,AMOUNT_MISMATCH,AMOUNT_MISMATCH,SPLIT_PAYMENT,77.56,,0.0,NOT_REQUIRED,,0.0
INV-00114,AMOUNT_MISMATCH,AMOUNT_MISMATCH,MISSING_PAYMENT,77.06,,0.0,NOT_REQUIRED,,0.0
INV-00118,AMOUNT_MISMATCH,AMOUNT_MISMATCH,MISSING_PAYMENT,78.69,,0.0,NOT_REQUIRED,,0.0
INV-00123,AMOUNT_MISMATCH,AMOUNT_MISMATCH,MISSING_PAYMENT,70.73,,0.0,NOT_REQUIRED,,0.0
INV-00124,AMOUNT_MISMATCH,AMOUNT_MISMATCH,MISSING_PAYMENT,72.86,,0.0,NOT_REQUIRED,,0.0
INV-00129,AMOUNT_MISMATCH,AMOUNT_MISMATCH,MISSING_PAYMENT,68.03,,0.0,NOT_REQUIRED,,0.0
INV-00177,AMOUNT_MISMATCH,AMOUNT_MISMATCH,MISSING_PAYMENT,66.2,,0.0,NOT_REQUIRED,,0.0
INV-00190,AMOUNT_MISMATCH,AMOUNT_MISMATCH,MISSING_PAYMENT,76.67,,0.0,NOT_REQUIRED,,0.0
INV-00210,AMOUNT_MISMATCH,AMOUNT_MISMATCH,MISSING_PAYMENT,71.49,,0.0,NOT_REQUIRED,,0.0
INV-00212,AMOUNT_MISMATCH,AMOUNT_MISMATCH,MISSING_PAYMENT,80.29,,0.0,NOT_REQUIRED,,0.0
INV-00222,AMOUNT_MISMATCH,AMOUNT_MISMATCH,MISSING_PAYMENT,75.5,,0.0,NOT_REQUIRED,,0.0
INV-00265,AMOUNT_MISMATCH,AMOUNT_MISMATCH,MISSING_PAYMENT,66.97,,0.0,NOT_REQUIRED,,0.0
INV-00287,AMOUNT_MISMATCH,AMOUNT_MISMATCH,MISSING_PAYMENT,72.11,,0.0,NOT_REQUIRED,,0.0
INV-00290,AMOUNT_MISMATCH,AMOUNT_MISMATCH,MISSING_PAYMENT,71.03,,0.0,NOT_REQUIRED,,0.0
INV-00298,AMOUNT_MISMATCH,AMOUNT_MISMATCH,MISSING_PAYMENT,72.93,,0.0,NOT_REQUIRED,,0.0
INV-00301,AMOUNT_MISMATCH,MATCHED,MISSING_PAYMENT,65.03,MATCHED,0.98,AUTO_RESOLVE,"Invoice amount, date, and customer match the strongest criteria.",25.27
INV-00325,REVIEW_REQUIRED,AMOUNT_MISMATCH,MISSING_PAYMENT,63.45,AMOUNT_MISMATCH,0.85,AUTO_RESOLVE,Invoice amount is significantly different from the provided amounts.,24.24
INV-00330,AMOUNT_MISMATCH,AMOUNT_MISMATCH,MISSING_PAYMENT,70.19,,0.0,NOT_REQUIRED,,0.0
INV-00337,AMOUNT_MISMATCH,AMOUNT_MISMATCH,MISSING_PAYMENT,68.85,,0.0,NOT_REQUIRED,,0.0
INV-00342,AMOUNT_MISMATCH,AMOUNT_MISMATCH,MISSING_PAYMENT,70.35,,0.0,NOT_REQUIRED,,0.0
INV-00348,AMOUNT_MISMATCH,AMOUNT_MISMATCH,MISSING_PAYMENT,71.91,,0.0,NOT_REQUIRED,,0.0
INV-00351,AMOUNT_MISMATCH,AMOUNT_MISMATCH,MISSING_PAYMENT,79.88,,0.0,NOT_REQUIRED,,0.0
INV-00354,AMOUNT_MISMATCH,AMOUNT_MISMATCH,MISSING_PAYMENT,72.58,,0.0,NOT_REQUIRED,,0.0
INV-00355,AMOUNT_MISMATCH,AMOUNT_MISMATCH,MISSING_PAYMENT,79.89,,0.0,NOT_REQUIRED,,0.0
INV-00394,MATCHED,MATCHED,MISSING_PAYMENT,90.0,,0.0,NOT_REQUIRED,,0.0
INV-00395,AMOUNT_MISMATCH,AMOUNT_MISMATCH,MISSING_PAYMENT,69.63,,0.0,NOT_REQUIRED,,0.0
INV-00410,AMOUNT_MISMATCH,AMOUNT_MISMATCH,MISSING_PAYMENT,73.92,,0.0,NOT_REQUIRED,,0.0
INV-00416,AMOUNT_MISMATCH,AMOUNT_MISMATCH,SPLIT_PAYMENT,70.62,,0.0,NOT_REQUIRED,,0.0
INV-00440,AMOUNT_MISMATCH,AMOUNT_MISMATCH,MISSING_PAYMENT,69.06,,0.0,NOT_REQUIRED,,0.0
INV-00447,AMOUNT_MISMATCH,AMOUNT_MISMATCH,MISSING_PAYMENT,73.93,,0.0,NOT_REQUIRED,,0.0
INV-00452,AMOUNT_MISMATCH,AMOUNT_MISMATCH,MISSING_PAYMENT,77.01,,0.0,NOT_REQUIRED,,0.0
INV-00492,AMOUNT_MISMATCH,AMOUNT_MISMATCH,MISSING_PAYMENT,71.36,,0.0,NOT_REQUIRED,,0.0
INV-00496,AMOUNT_MISMATCH,AMOUNT_MISMATCH,MISSING_PAYMENT,77.63,,0.0,NOT_REQUIRED,,0.0
