invoice_id,customer,amount,invoice_date
INV-00001,"Rodriguez, Figueroa and Sanchez",84810,2026-08-27
INV-00002,Doyle Ltd,19289,2026-07-18
INV-00003,"Mcclain, Miller and Henderson",72482,2026-08-29
INV-00004,Davis and Sons,31495,2026-08-02
INV-00005,"Guzman, Hoffman and Baldwin",92924,2026-07-31
INV-00006,"Gardner, Robinson and Lawrence",1851,2026-07-17
INV-00007,Blake and Sons,29221,2026-07-17
INV-00008,"Henderson, Ramirez and Lewis",48052,2026-07-11
INV-00009,Garcia-James,96647,2026-08-05
INV-00010,Abbott-Munoz,11328,2026-07-30
INV-00011,Blair PLC,82070,2026-07-09
INV-00012,Dudley Group,93349,2026-08-30
INV-00013,Arnold Ltd,38930,2026-08-29
INV-00014,"Mcclure, Ward and Lee",37434,2026-08-05
INV-00015,Williams and Sons,28460,2026-07-23
INV-00016,Galloway-Wyatt,10358,2026-07-27
INV-00017,James Group,33087,2026-08-24
INV-00018,"Flowers, Martin and Kelly",84886,2026-07-21
INV-00019,"Adams, Zuniga and Wong",31021,2026-07-13
INV-00020,"Reid, Ferguson and Sanchez",9675,2026-08-21
INV-00021,Gray-Mayo,42245,2026-08-21
INV-00022,"Watts, Robinson and Nguyen",52856,2026-07-09
INV-00023,Perez Inc,19301,2026-08-19
INV-00024,Morales-Jones,35438,2026-07-18
INV-00025,"Walter, Edwards and Rios",48447,2026-08-20
INV-00026,Wilkerson-Day,12915,2026-07-17
INV-00027,Baker and Sons,21033,2026-07-25
INV-00028,"Hoffman, Baker and Richards",9326,2026-08-10
INV-00029,"Ross, Robinson and Bright",33953,2026-07-30
INV-00030,"Snyder, Campos and Callahan",90353,2026-07-09
INV-00031,Burton Ltd,45587,2026-08-27
INV-00032,Carlson-Cruz,60470,2026-09-03
INV-00033,"Ferrell, Rice and Maddox",35522,2026-08-02
INV-00034,Frazier Inc,82959,2026-08-15
INV-00035,"Dyer, Potter and Mack",27071,2026-08-25
INV-00036,Rodriguez-Graham,1074,2026-07-27
INV-00037,Smith-Bowen,15662,2026-07-06
INV-00038,"Baker, Mason and White",32385,2026-08-31
INV-00039,Harrell LLC,12226,2026-07-19
INV-00040,"Romero, Gonzalez and Brooks",70822,2026-07-16
INV-00041,Ryan PLC,22643,2026-08-18
INV-00042,George Group,56461,2026-08-21
INV-00043,Rodriguez LLC,91422,2026-08-22
INV-00044,Allen-Allen,53296,2026-07-23
INV-00045,"Arroyo, Miller and Tucker",60177,2026-08-27
INV-00046,Spence PLC,78110,2026-07-30
INV-00047,Anderson Group,1942,2026-08-30
INV-00048,"Martin, Rose and Obrien",8716,2026-08-20
INV-00049,Hickman Ltd,10287,2026-08-02
INV-00050,"Harris, Collins and Carney",64624,2026-08-21
INV-00051,"Brooks, Lam and Hayes",76525,2026-08-04
INV-00052,Walker LLC,25957,2026-08-28
INV-00053,Chapman and Sons,47438,2026-08-07
INV-00054,"Robinson, Jones and Welch",89259,2026-07-24
INV-00055,Jones Inc,96448,2026-08-13
INV-00056,Jones-Young,26112,2026-08-22
INV-00057,"Washington, Ryan and Cummings",56296,2026-08-23
INV-00058,"Johnston, Sanchez and Kennedy",59082,2026-07-14
INV-00059,Lee-Davis,71855,2026-07-12
INV-00060,Gomez-Jenkins,99771,2026-07-11
INV-00061,"Brown, Valdez and Lucas",64653,2026-08-04
INV-00062,Powell LLC,22579,2026-08-10
INV-00063,Wright and Sons,35760,2026-07-06
INV-00064,"West, Henderson and Ramirez",92303,2026-07-19
INV-00065,Baxter Inc,64788,2026-08-25
INV-00066,Morton-Chase,8665,2026-07-28
INV-00067,Williams PLC,99038,2026-08-14
INV-00068,Novak and Sons,63493,2026-08-02
INV-00069,Russell Group,67562,2026-08-29
INV-00070,Hancock Inc,9907,2026-07-22
INV-00071,Gray Group,75668,2026-08-19
INV-00072,House-Glover,11745,2026-08-08
INV-00073,Henderson-Bernard,75085,2026-08-01
INV-00074,"Stanley, Tucker and Lee",27772,2026-07-23
INV-00075,Novak PLC,32285,2026-08-18
INV-00076,"Daniels, Adkins and Brown",85607,2026-08-15
INV-00077,"Woods, Calhoun and Schmidt",2220,2026-08-05
INV-00078,Yu Inc,71468,2026-08-21
INV-00079,Jones Inc,46745,2026-07-09
INV-00080,"Hensley, Powell and David",49434,2026-08-16
INV-00081,"Sanchez, Wheeler and Harvey",40651,2026-07-26
INV-00082,Sandoval-Cunningham,2025,2026-07-23
INV-00083,Donovan-Harris,14577,2026-07-09
INV-00084,"Edwards, Baker and Anderson",15029,2026-07-18
INV-00085,"Evans, Stewart and Walton",95058,2026-08-13
INV-00086,Smith PLC,67244,2026-08-03
INV-00087,"Ferrell, Jones and Lewis",13097,2026-07-25
INV-00088,Anderson-Bailey,44719,2026-07-16
INV-00089,Suarez LLC,22178,2026-07-18
INV-00090,Moore-Bass,57057,2026-07-30
INV-00091,"Turner, Riggs and Roman",91573,2026-07-08
INV-00092,"Smith, Montoya and Evans",77350,2026-07-30
INV-00093,"Garcia, Humphrey and Baker",48795,2026-07-08
INV-00094,Newton and Sons,47898,2026-08-21
INV-00095,Campbell-Clark,88416,2026-08-28
INV-00096,Harris-Walters,54264,2026-07-26
INV-00097,Wagner-King,22299,2026-07-14
INV-00098,Davis Group,24509,2026-07-18
INV-00099,Williams-Cook,88806,2026-07-10
INV-00100,Walsh LLC,35970,2026-08-24
INV-00101,Figueroa PLC,51140,2026-07-10
INV-00102,"Patterson, Smith and Jones",30154,2026-08-22
INV-00103,"Mckee, Gardner and Davenport",30219,2026-09-02
INV-00104,"Tran, Jordan and Williams",53227,2026-08-13
INV-00105,Nolan-Flynn,47025,2026-07-24
INV-00106,Nolan and Sons,71282,2026-08-13
INV-00107,"Wright, Garcia and Deleon",24405,2026-07-28
INV-00108,Dickson-Brady,79193,2026-08-07
INV-00109,Hancock and Sons,58199,2026-07-27
INV-00110,Johnson-Doyle,25914,2026-08-18
INV-00111,Patton-Jenkins,1221,2026-08-01
INV-00112,"Shields, Cochran and Adams",91027,2026-07-19
INV-00113,"Rodriguez, Brennan and Garrison",48739,2026-08-07
INV-00114,Gonzalez Group,82678,2026-08-14
INV-00115,Torres-Pope,17334,2026-07-19
INV-00116,Walker Ltd,41538,2026-07-23
INV-00117,Ross LLC,92384,2026-08-16
INV-00118,Rasmussen LLC,88153,2026-08-10
INV-00119,May-Ross,23810,2026-07-26
INV-00120,"Rivera, Johnson and Wiley",1053,2026-08-15
INV-00121,White-Estes,80516,2026-07-24
INV-00122,Johnson-Carlson,58954,2026-07-22
INV-00123,Chandler-Edwards,97463,2026-08-24
INV-00124,"Joyce, Wilson and Lam",38196,2026-08-02
INV-00125,Scott Ltd,82167,2026-08-13
INV-00126,Smith-Frost,89184,2026-08-15
INV-00127,"Mcdaniel, Bentley and Mclaughlin",20313,2026-09-02
INV-00128,Diaz Inc,10545,2026-08-05
INV-00129,"Mccall, Hanson and Alvarado",76454,2026-08-22
INV-00130,Cortez LLC,51328,2026-08-03
INV-00131,"Parker, Ortiz and Powell",86990,2026-07-21
INV-00132,Spencer-Lee,56724,2026-08-20
INV-00133,"Bentley, Byrd and Orr",68889,2026-08-05
INV-00134,"Carroll, Sullivan and Bass",60829,2026-08-26
INV-00135,Mitchell-Jordan,42588,2026-07-17
INV-00136,"Lawson, Morris and Ramos",67162,2026-08-07
INV-00137,"Lewis, Kennedy and Santana",98472,2026-07-10
INV-00138,"Jackson, Miller and Robertson",84579,2026-08-17
INV-00139,"Harvey, Davis and Crane",32358,2026-08-17
INV-00140,Chambers and Sons,36614,2026-08-13
INV-00141,Hernandez Inc,20769,2026-08-20
INV-00142,Riggs PLC,93591,2026-08-21
INV-00143,Gibson Ltd,44369,2026-07-31
INV-00144,"Lee, Horton and Snyder",28110,2026-07-12
INV-00145,Hernandez Ltd,92163,2026-09-02
INV-00146,Stafford Inc,63518,2026-09-03
INV-00147,Robinson-Brock,99759,2026-08-10
INV-00148,"Holmes, Williams and Wright",98978,2026-07-18
INV-00149,Bryant Group,64993,2026-08-20
INV-00150,"Schmidt, Hansen and Stewart",4804,2026-08-10
INV-00151,Salazar-Ball,95919,2026-08-24
INV-00152,"Simmons, Meadows and Griffin",71008,2026-09-02
INV-00153,Manning Group,4552,2026-08-29
INV-00154,Green-Wright,24819,2026-08-31
INV-00155,"Ramirez, Strickland and Washington",28742,2026-08-05
INV-00156,Hill Inc,37471,2026-07-17
INV-00157,"Mitchell, Nelson and Flores",34065,2026-07-12
INV-00158,"Miller, Hernandez and Reyes",7826,2026-08-12
INV-00159,Mccarthy Inc,6276,2026-07-17
INV-00160,Russell-Daniels,27130,2026-07-12
INV-00161,Brown-Wall,32266,2026-08-26
INV-00162,Stein-Silva,74920,2026-08-21
INV-00163,"Smith, Gilmore and Johnston",49351,2026-08-24
INV-00164,Smith-Bell,41768,2026-08-28
INV-00165,Castaneda-Ashley,89781,2026-07-07
INV-00166,Medina-Navarro,94718,2026-08-22
INV-00167,"Hurst, Freeman and Nelson",83213,2026-08-19
INV-00168,Johnson-Rogers,79697,2026-07-14
INV-00169,"Yates, Ramsey and Pittman",6383,2026-08-12
INV-00170,Hooper PLC,67317,2026-07-24
INV-00171,Meadows PLC,65251,2026-08-28
INV-00172,"Alvarado, Miller and Patterson",84307,2026-07-08
INV-00173,White-Green,69386,2026-07-24
INV-00174,Lewis-Murphy,64372,2026-08-05
INV-00175,Ramirez-Bean,78656,2026-08-17
INV-00176,King-Miller,12359,2026-08-17
INV-00177,Curry Inc,75691,2026-07-26
INV-00178,Walker-Jones,45092,2026-09-02
INV-00179,"Williams, Johnson and Wright",24834,2026-08-03
INV-00180,Howell and Sons,37655,2026-07-09
INV-00181,Wells Inc,26042,2026-08-29
INV-00182,"Gould, Marshall and Scott",65038,2026-07-30
INV-00183,Jackson-Lawson,94302,2026-08-03
INV-00184,"Higgins, Strickland and Martin",13196,2026-08-16
INV-00185,Rodriguez-Johnson,88026,2026-07-28
INV-00186,Johnston-Odonnell,70588,2026-08-12
INV-00187,Sanders-Espinoza,73140,2026-08-13
INV-00188,Vargas Ltd,36509,2026-08-15
INV-00189,Garcia LLC,95540,2026-08-22
INV-00190,"Burke, Martinez and Riggs",71236,2026-07-17
INV-00191,Reed Group,26105,2026-08-21
INV-00192,"Wood, Hunter and Peterson",95972,2026-07-28
INV-00193,Short-Garcia,14176,2026-07-12
INV-00194,Reid-Poole,48301,2026-08-23
INV-00195,"Hernandez, Thompson and Boyd",71010,2026-08-26
INV-00196,"Nelson, Morton and Medina",39290,2026-07-21
INV-00197,Marshall-Petersen,14446,2026-07-10
INV-00198,"Adams, Christian and Rivas",62524,2026-08-04
INV-00199,Ramirez Group,34092,2026-07-10
INV-00200,Christensen PLC,53521,2026-08-03
INV-00201,"Barnett, Rogers and Snyder",90974,2026-08-31
INV-00202,White-Lewis,12164,2026-08-19
INV-00203,Peterson-Beard,80471,2026-07-27
INV-00204,"Beard, Peters and Black",69494,2026-08-10
INV-00205,Miller Ltd,57207,2026-08-15
INV-00206,Freeman-Chang,98004,2026-08-28
INV-00207,"Alvarez, Joseph and West",82987,2026-08-21
INV-00208,Davis and Sons,23782,2026-07-30
INV-00209,Holt-Torres,91357,2026-07-27
INV-00210,"Wood, Tran and Cooper",31340,2026-08-16
INV-00211,"Pierce, Bell and Chavez",93141,2026-07-10
INV-00212,King-Martinez,82927,2026-07-28
INV-00213,Stewart Ltd,26928,2026-08-07
INV-00214,"Tapia, Vaughn and Lee",85886,2026-08-25
INV-00215,"Washington, Hardy and Bray",8816,2026-08-24
INV-00216,"Carlson, Hooper and Wall",38828,2026-08-06
INV-00217,Perez-White,53757,2026-08-17
INV-00218,Erickson and Sons,58377,2026-08-29
INV-00219,Williams-Brown,33816,2026-09-02
INV-00220,Terry-Martinez,76392,2026-07-28
INV-00221,Garcia-Smith,36325,2026-07-29
INV-00222,Harrison-Alexander,62669,2026-08-01
INV-00223,Sheppard LLC,37458,2026-08-23
INV-00224,Wilson-Jones,84202,2026-07-13
INV-00225,Jones-Soto,62605,2026-08-12
INV-00226,Hernandez PLC,88835,2026-08-28
INV-00227,Miller-Wright,91921,2026-08-03
INV-00228,"Duran, Obrien and Gibbs",73102,2026-09-01
INV-00229,Rowe Group,16194,2026-07-16
INV-00230,Kerr-Evans,1150,2026-07-23
INV-00231,"Branch, Torres and Oliver",8104,2026-08-22
INV-00232,"Choi, Garcia and Farmer",82973,2026-08-06
INV-00233,"Clark, Guerrero and Moore",18172,2026-07-06
INV-00234,Arnold and Sons,16915,2026-09-02
INV-00235,Ortiz Ltd,94032,2026-08-24
INV-00236,"Harrison, Johnson and Roberts",73384,2026-08-08
INV-00237,Warner-Gibson,61482,2026-08-27
INV-00238,"Hall, Baker and Moody",94926,2026-08-16
INV-00239,"Guerrero, Peck and Coleman",62894,2026-08-19
INV-00240,"Walker, Hernandez and Baker",79561,2026-08-02
INV-00241,Jones and Sons,37208,2026-07-16
INV-00242,Larson-Holloway,36018,2026-07-13
INV-00243,Gonzales-Harrison,40132,2026-07-12
INV-00244,Lyons-Bender,59529,2026-07-31
INV-00245,"Fernandez, Kim and George",73340,2026-07-17
INV-00246,Navarro-Munoz,25727,2026-07-21
INV-00247,Davis Ltd,31613,2026-07-11
INV-00248,"Matthews, Smith and Hubbard",42704,2026-07-18
INV-00249,Johnston-Hines,51604,2026-07-23
INV-00250,Ruiz Ltd,20936,2026-08-03
INV-00251,Moon-White,66836,2026-07-28
INV-00252,"Graham, Olsen and Costa",58711,2026-08-28
INV-00253,Bailey-Cook,19894,2026-08-08
INV-00254,"Garcia, Martin and Jenkins",62537,2026-07-15
INV-00255,Roberts-Landry,53098,2026-07-24
INV-00256,"Johnson, Miller and King",89389,2026-07-11
INV-00257,Cordova Group,95203,2026-07-09
INV-00258,"Bryan, Smith and Booth",5705,2026-07-26
INV-00259,Gutierrez-Lopez,30817,2026-07-18
INV-00260,Dean-Jimenez,84066,2026-07-20
INV-00261,Wolf-Harris,91964,2026-08-15
INV-00262,"Anderson, Roberts and Gilmore",43516,2026-07-15
INV-00263,Martinez-Dudley,20080,2026-08-19
INV-00264,"Lloyd, Mckinney and Collins",90364,2026-07-15
INV-00265,Tran Inc,51140,2026-07-26
INV-00266,Gay Inc,66230,2026-07-07
INV-00267,Valentine-Holland,84611,2026-08-18
INV-00268,Jimenez Ltd,2231,2026-07-08
INV-00269,Hicks-Hill,72643,2026-08-24
INV-00270,Baird-Sanchez,78014,2026-08-15
INV-00271,"Thomas, Lee and Greene",33780,2026-08-05
INV-00272,"Suarez, Shields and Hill",14979,2026-08-19
INV-00273,Morgan-French,92655,2026-08-16
INV-00274,Hoover-Campbell,52879,2026-08-17
INV-00275,Monroe-Carpenter,98605,2026-08-31
INV-00276,"Burns, Hernandez and Ryan",66107,2026-07-12
INV-00277,Cook-Hines,80569,2026-07-14
INV-00278,Gibson-Morris,25920,2026-07-26
INV-00279,Pollard and Sons,87400,2026-07-22
INV-00280,"Reyes, Chase and Jenkins",6167,2026-08-15
INV-00281,Garner-Thornton,96991,2026-08-26
INV-00282,Hughes-Alvarado,43823,2026-07-18
INV-00283,"Pollard, Simpson and Johnson",18322,2026-07-15
INV-00284,"Sanford, Rivera and Garcia",66771,2026-07-07
INV-00285,Garcia-Lozano,39684,2026-07-18
INV-00286,Bowen Group,10869,2026-08-25
INV-00287,"Booker, Jones and Harrington",89647,2026-07-19
INV-00288,Morgan-Schwartz,53089,2026-07-11
INV-00289,"Miller, Murphy and Craig",52717,2026-09-03
INV-00290,"James, Stewart and Higgins",89188,2026-07-18
INV-00291,Brennan-Johnson,77619,2026-08-10
INV-00292,Young Ltd,89452,2026-08-20
INV-00293,Bright-Francis,74584,2026-08-14
INV-00294,Good-Hodges,85889,2026-08-30
INV-00295,"Brennan, Wallace and Benson",40608,2026-07-24
INV-00296,Williams Inc,40893,2026-08-03
INV-00297,Howard-Jordan,71457,2026-08-26
INV-00298,Schmidt PLC,88881,2026-07-18
INV-00299,"Sparks, Jackson and Miller",71804,2026-08-08
INV-00300,Harvey-Allen,13978,2026-07-12
INV-00301,"Thomas, Murray and King",37666,2026-09-01
INV-00302,Estrada-Nolan,29477,2026-08-06
INV-00303,Santana-Byrd,48537,2026-08-28
INV-00304,Jones LLC,72364,2026-07-08
INV-00305,"Evans, Hayden and Vaughn",8936,2026-08-09
INV-00306,Bruce-Gonzalez,13015,2026-07-23
INV-00307,Castaneda-Rodriguez,79269,2026-09-02
INV-00308,Armstrong-Andrews,32925,2026-08-26
INV-00309,"Phillips, Spence and Barrett",9992,2026-07-12
INV-00310,Smith-Grimes,31539,2026-08-13
INV-00311,"Beltran, Lozano and Mcgee",1371,2026-08-17
INV-00312,Parsons-Hall,33853,2026-07-14
INV-00313,Robinson-Lee,4379,2026-08-26
INV-00314,Byrd-Le,78182,2026-08-14
INV-00315,"Becker, Taylor and Davis",7868,2026-08-26
INV-00316,"Lucas, Parker and Alexander",9330,2026-08-04
INV-00317,"Diaz, Anderson and Browning",15293,2026-08-06
INV-00318,Burgess-Thompson,96321,2026-07-15
INV-00319,Buchanan LLC,69347,2026-08-15
INV-00320,"Shaw, Nelson and Martin",8972,2026-08-04
INV-00321,Coffey-Phillips,94375,2026-07-07
INV-00322,Brock-Mcdonald,43219,2026-07-27
INV-00323,Taylor and Sons,37046,2026-07-26
INV-00324,"Ramsey, Whitney and Coffey",79301,2026-08-01
INV-00325,"Diaz, Gibbs and Smith",13999,2026-07-15
INV-00326,"Martinez, Richardson and Curry",86814,2026-07-24
INV-00327,Richards-Carson,57370,2026-08-06
INV-00328,Rodriguez-Hall,60441,2026-08-09
INV-00329,Harvey PLC,41966,2026-08-07
INV-00330,Herman-Walker,50060,2026-08-25
INV-00331,Reid Group,63163,2026-08-30
INV-00332,"Turner, Ortiz and Taylor",13219,2026-08-07
INV-00333,Torres Group,73924,2026-08-31
INV-00334,Davis PLC,44207,2026-07-23
INV-00335,Price LLC,88207,2026-07-17
INV-00336,"Avery, Horton and Fernandez",7743,2026-08-16
INV-00337,"Newton, Moore and Perry",28884,2026-08-25
INV-00338,Bass PLC,30392,2026-07-11
INV-00339,Crosby-Ramirez,49176,2026-08-27
INV-00340,"Wood, Ramos and Sampson",30643,2026-07-14
INV-00341,Garcia-Jennings,81422,2026-07-22
INV-00342,"Winters, Newman and Brown",87223,2026-07-12
INV-00343,Lopez-Martinez,4794,2026-08-23
INV-00344,Davis-Lewis,45541,2026-08-12
INV-00345,"Harper, Smith and Buchanan",75228,2026-07-23
INV-00346,Zhang PLC,5018,2026-08-29
INV-00347,Jones PLC,50308,2026-08-08
INV-00348,Willis and Sons,49503,2026-08-15
INV-00349,Schroeder-Kramer,75395,2026-07-27
INV-00350,"Smith, Garrison and Thomas",21392,2026-08-24
INV-00351,Fernandez and Sons,36665,2026-08-06
INV-00352,Guerrero Inc,64656,2026-07-27
INV-00353,Smith and Sons,29255,2026-07-17
INV-00354,"Morris, Thompson and Williams",38125,2026-07-22
INV-00355,"Fisher, Wilson and Brown",64783,2026-08-01
INV-00356,Strickland-Palmer,6952,2026-08-20
INV-00357,Hayes and Sons,8180,2026-09-03
INV-00358,"Williams, Logan and Camacho",34491,2026-08-16
INV-00359,"Turner, Schneider and Johnson",57446,2026-08-23
INV-00360,Boone-Simmons,66570,2026-07-30
INV-00361,Henry Group,53044,2026-07-10
INV-00362,Lam LLC,3456,2026-08-05
INV-00363,"Hernandez, Martinez and Weber",76465,2026-08-07
INV-00364,"Kelley, Nguyen and Vang",3733,2026-08-14
INV-00365,"Phillips, Wagner and Jordan",91388,2026-07-07
INV-00366,"Wilson, Pena and Rich",32891,2026-08-07
INV-00367,"Le, Lewis and Hayes",98754,2026-08-13
INV-00368,Gutierrez Group,67910,2026-07-25
INV-00369,Perry-Davis,26415,2026-07-08
INV-00370,Edwards-Scott,96339,2026-07-13
INV-00371,Mcdaniel Group,14474,2026-08-25
INV-00372,Davis Inc,79957,2026-08-25
INV-00373,Reynolds Ltd,10876,2026-08-23
INV-00374,"Watson, Anderson and Brown",65764,2026-08-05
INV-00375,"Hoffman, Santiago and Jenkins",90277,2026-07-06
INV-00376,"Pugh, Henderson and Moon",42436,2026-08-25
INV-00377,Schmitt PLC,40691,2026-07-15
INV-00378,Bell-Lane,47129,2026-08-02
INV-00379,Moore Group,60233,2026-09-01
INV-00380,Boone LLC,11057,2026-07-24
INV-00381,"Richardson, Farmer and Andrews",78867,2026-08-02
INV-00382,Bruce-Villegas,6376,2026-08-06
INV-00383,"Austin, Day and Johnson",86437,2026-08-22
INV-00384,"Gallegos, Adams and White",9109,2026-08-06
INV-00385,"Farmer, Dorsey and Bell",94626,2026-08-29
INV-00386,Kane PLC,93749,2026-08-06
INV-00387,"Morales, Thomas and Schultz",69517,2026-07-26
INV-00388,Davis PLC,51779,2026-08-08
INV-00389,Bennett Group,79366,2026-08-31
INV-00390,Moore-Collins,44863,2026-08-30
INV-00391,Frank-Bradley,89916,2026-08-10
INV-00392,Ware and Sons,87057,2026-07-07
INV-00393,Webster Inc,87980,2026-08-25
INV-00394,"Miller, Ramos and Coleman",86990,2026-07-21
INV-00395,"Ramos, Nelson and Fischer",17901,2026-07-27
INV-00396,Reed Inc,12104,2026-08-15
INV-00397,Gregory-Watkins,88833,2026-07-21
INV-00398,"Estrada, Williams and Foster",85675,2026-07-23
INV-00399,"Brown, Harris and Dougherty",41483,2026-08-23
INV-00400,Duran LLC,26166,2026-08-20
INV-00401,Wilson-Jimenez,11114,2026-08-16
INV-00402,Thompson-James,71748,2026-07-12
INV-00403,"Hall, Hansen and Barnett",5947,2026-07-23
INV-00404,Jones-Hensley,79282,2026-08-10
INV-00405,Graham Group,91812,2026-07-16
INV-00406,Atkins PLC,58366,2026-09-01
INV-00407,Berry-Mckinney,95317,2026-08-19
INV-00408,Roberts-Sullivan,38346,2026-07-17
INV-00409,Jackson-Meza,31671,2026-07-31
INV-00410,Collier-Gillespie,26430,2026-08-11
INV-00411,Kim Inc,75766,2026-08-06
INV-00412,Graham Group,51052,2026-08-02
INV-00413,"Miller, Harrell and Reese",27174,2026-07-14
INV-00414,Cook and Sons,49655,2026-07-30
INV-00415,Dixon Inc,17341,2026-08-16
INV-00416,"Hicks, Bullock and Bailey",36755,2026-08-06
INV-00417,"Mullen, Brewer and Hernandez",13021,2026-07-07
INV-00418,Thomas and Sons,4495,2026-08-08
INV-00419,Morrison Ltd,51615,2026-08-29
INV-00420,Thompson Ltd,42770,2026-07-06
INV-00421,Marshall-Elliott,86191,2026-08-13
INV-00422,"Cole, Glass and Cunningham",6020,2026-08-16
INV-00423,"Downs, Morris and Maddox",93476,2026-08-04
INV-00424,Hernandez-Jones,3490,2026-08-18
INV-00425,Welch-Hogan,72932,2026-07-19
INV-00426,"Brown, Romero and Collins",38762,2026-08-19
INV-00427,Johnson-Wood,84748,2026-07-15
INV-00428,Jones-Lin,66513,2026-07-27
INV-00429,Gilbert PLC,68551,2026-07-29
INV-00430,Ford-Spencer,39177,2026-08-07
INV-00431,"Huang, Cole and Pacheco",32531,2026-07-29
INV-00432,"Lopez, Jacobs and Mason",69614,2026-08-11
INV-00433,Hayes LLC,67535,2026-07-30
INV-00434,"Miller, Lucas and Williams",6706,2026-07-25
INV-00435,"Kim, Gonzales and Mills",3128,2026-08-12
INV-00436,Cox LLC,87127,2026-07-25
INV-00437,Ortiz-Morgan,97362,2026-07-17
INV-00438,"Williams, Mccoy and Cook",47176,2026-07-31
INV-00439,Davis-Gregory,61899,2026-07-21
INV-00440,King-York,18675,2026-08-30
INV-00441,"Marks, Cook and Aguilar",60988,2026-09-01
INV-00442,Rangel LLC,6492,2026-08-14
INV-00443,"Hale, Myers and Larson",53196,2026-07-13
INV-00444,Collins Group,26048,2026-08-16
INV-00445,"Conner, Li and Santiago",86948,2026-08-13
INV-00446,"Osborn, Gaines and Davis",53431,2026-07-18
INV-00447,"Henderson, Cox and Cox",25486,2026-08-03
INV-00448,Bean LLC,49148,2026-07-06
INV-00449,Lee-Cooke,11828,2026-07-19
INV-00450,Jones Inc,79964,2026-07-13
INV-00451,"Wise, Conley and Stephenson",43101,2026-08-28
INV-00452,Stanley PLC,59447,2026-07-27
INV-00453,Harper and Sons,22842,2026-07-21
INV-00454,White Ltd,47210,2026-07-26
INV-00455,"Lamb, Martin and Kim",84816,2026-07-15
INV-00456,Diaz-Ball,54242,2026-08-11
INV-00457,Bishop-Goodwin,90051,2026-08-24
INV-00458,Young-Allen,80635,2026-07-22
INV-00459,Mckee-Lee,17545,2026-08-30
INV-00460,"Valentine, Joyce and Murray",49015,2026-08-11
INV-00461,Strickland-Shaw,21111,2026-07-22
INV-00462,Burch-Montoya,49760,2026-08-06
INV-00463,"Taylor, Wright and Davidson",19047,2026-08-01
INV-00464,Spencer-Garcia,33717,2026-08-27
INV-00465,"Rosales, Mitchell and Hines",66410,2026-08-01
INV-00466,Cole-Palmer,35116,2026-07-20
INV-00467,Davis-Lozano,38431,2026-07-21
INV-00468,Wilkerson-Arias,27237,2026-08-27
INV-00469,Brown-Shaw,60250,2026-08-23
INV-00470,Hughes Inc,90381,2026-07-11
INV-00471,Walker-Flores,46537,2026-07-20
INV-00472,Combs Ltd,39058,2026-07-08
INV-00473,Moody-Taylor,94298,2026-07-20
INV-00474,Lowery-Kennedy,23818,2026-07-15
INV-00475,Blake Group,16907,2026-08-22
INV-00476,Gilbert-Bullock,65752,2026-09-02
INV-00477,Scott and Sons,49353,2026-08-05
INV-00478,"Bentley, Lynch and Henderson",9617,2026-08-15
INV-00479,Young-Martinez,69903,2026-08-08
INV-00480,Barnes PLC,10666,2026-08-26
INV-00481,Brown-Copeland,10720,2026-08-06
INV-00482,Carlson-Smith,46156,2026-08-26
INV-00483,"Andrews, Higgins and Carter",78042,2026-08-23
INV-00484,Mendez and Sons,8263,2026-07-12
INV-00485,"Butler, Beck and Miller",22229,2026-08-14
INV-00486,Jones-Fox,38230,2026-07-11
INV-00487,"Hartman, Romero and Smith",84238,2026-07-30
INV-00488,Williams-Hughes,70924,2026-08-29
INV-00489,King-Smith,78569,2026-07-28
INV-00490,Cooper Ltd,82851,2026-07-19
INV-00491,"Fuller, Ingram and Moss",74874,2026-09-01
INV-00492,Anderson-Bell,76598,2026-08-18
INV-00493,Li-Thompson,75991,2026-08-08
INV-00494,"Marshall, Dominguez and Welch",83203,2026-07-31
INV-00495,Brown Group,33096,2026-07-14
INV-00496,Carter Inc,60446,2026-08-30
INV-00497,Blackwell LLC,21719,2026-08-06
INV-00498,Robertson-Hays,27741,2026-08-13
INV-00499,"Kennedy, Johnson and Lucas",42853,2026-07-19
INV-00500,Kelly-Norman,18139,2026-07-17
